NM_000222	c.2446G>C
NM_000222	c.2446G>T
NM_000222	c.2447A>T
NM_000222	c.2466T>A
NM_000222	c.2466T>G
NM_000546	c.524G>A
NM_000546	c.646G>A
NM_000546	c.659A>G
NM_000546	c.713G>A
NM_000546	c.722C>T
NM_000546	c.742C>T
NM_000546	c.743G>A
NM_000546	c.814G>A
NM_000546	c.817C>T
NM_000546	c.818G>A
NM_001015877	c.821G>A
NM_001358	c.664C>G
NM_002074	c.169A>G
NM_002168	c.418C>G
NM_002168	c.418C>T
NM_002168	c.419G>T
NM_002168	c.419G>A
NM_002168	c.514A>T
NM_002168	c.515G>A
NM_002520	c.859_860insCATG
NM_002520	c.860_863dup
NM_002520	c.863_864insCATG
NM_002520	c.863_864insCCAG
NM_002520	c.863_864insCCGG
NM_002520	c.863_864insCCTG
NM_002520	c.863_864insCTTG
NM_002520	c.863_864insTATG
NM_002520	c.863_864insTCAG
NM_002520	c.867_868insAGGA
NM_002524	c.181C>A
NM_002524	c.182A>C
NM_002524	c.182A>G
NM_002524	c.182A>T
NM_002524	c.183A>C
NM_002524	c.183A>T
NM_002524	c.34G>A
NM_002524	c.34G>C
NM_002524	c.34G>T
NM_002524	c.35G>A
NM_002524	c.35G>C
NM_002524	c.35G>T
NM_002524	c.37G>C
NM_002524	c.37G>T
NM_002524	c.38G>A
NM_002524	c.38G>T
NM_002834	c.178G>C
NM_002834	c.179G>T
NM_002834	c.181G>A
NM_002834	c.181G>T
NM_002834	c.182A>G
NM_002834	c.182A>T
NM_002834	c.184T>G
NM_002834	c.205G>A
NM_002834	c.211T>C
NM_002834	c.214G>A
NM_002834	c.214G>T
NM_002834	c.215C>A
NM_002834	c.215C>G
NM_002834	c.215C>T
NM_002834	c.218C>T
NM_002834	c.226G>A
NM_002834	c.227A>G
NM_003016	c.284C>A
NM_003016	c.284C>G
NM_003016	c.284C>T
NM_004119	c.2028C>A
NM_004119	c.2073T>G
NM_004119	c.2464G>A
NM_004119	c.2503G>A
NM_004119	c.2503G>C
NM_004119	c.2503G>T
NM_004119	c.2504A>T
NM_004119	c.2505T>A
NM_004119	c.2505T>G
NM_004119	c.2513G>A
NM_004119	c.2516A>G
NM_004119	c.2522A>C
NM_004119	c.2523C>A
NM_004119	c.2525A>G
NM_004119	c.2533A>G
NM_004343	c.1099_1150del
NM_004343	c.1154_1155insTTGTC
NM_004364	c.68del
NM_004364	c.68dup
NM_004972	c.1611_1616del
NM_004972	c.1849G>T
NM_005373	c.117G>T
NM_005373	c.1514G>A
NM_005373	c.1544G>T
NM_005475	c.1198G>A
NM_005896	c.394C>A
NM_005896	c.394C>G
NM_005896	c.394C>T
NM_005896	c.395G>A
NM_005896	c.395G>T
NM_006758	c.101C>A
NM_006758	c.101C>T
NM_006758	c.470A>C
NM_006758	c.470A>G
NM_012433	c.1997A>C
NM_012433	c.1997A>G
NM_012433	c.1998G>C
NM_012433	c.1998G>T
NM_012433	c.2098A>G
NM_015338	c.1772dup
NM_015338	c.1773C>A
NM_015338	c.1773C>G
NM_015338	c.1900_1922del
NM_015338	c.1934del
NM_015338	c.1934dup
NM_015338	c.2077C>T
NM_015338	c.2083C>T
NM_015338	c.2269C>T
NM_015559	c.2602G>A
NM_015559	c.2608G>A
NM_015559	c.2612T>C
NM_016222	c.1574G>A
NM_016222	c.1589G>A
NM_016222	c.3G>A
NM_016222	c.415_418dup
NM_016222	c.517G>A
NM_018638	c.464A>C
NM_018638	c.464A>G
NM_018638	c.465T>A
NM_018638	c.467G>C
NM_022552	c.2644C>A
NM_022552	c.2645G>A
NM_032638	c.1085G>A
NM_032638	c.952G>A
NM_032638	c.953C>T
NM_032638	c.959G>A
NM_032638	c.961C>T
NM_033360	c.183A>C
NM_033360	c.34G>A
NM_033360	c.35G>A
NM_033360	c.35G>C
NM_033360	c.35G>T
NM_033360	c.38G>A
NM_080425	c.2530C>A
NM_080425	c.2530C>T
NM_080425	c.2531G>A
NM_156039	c.1853C>T
NM_156039	c.2302C>T
