Chr	Exon	c.	g.
9	1	1	133710834
9	1	2	133710835
9	1	3	133710836
9	1	4	133710837
9	1	5	133710838
9	1	6	133710839
9	1	7	133710840
9	1	8	133710841
9	1	9	133710842
9	1	10	133710843
9	1	11	133710844
9	1	12	133710845
9	1	13	133710846
9	1	14	133710847
9	1	15	133710848
9	1	16	133710849
9	1	17	133710850
9	1	18	133710851
9	1	19	133710852
9	1	20	133710853
9	1	21	133710854
9	1	22	133710855
9	1	23	133710856
9	1	24	133710857
9	1	25	133710858
9	1	26	133710859
9	1	27	133710860
9	1	28	133710861
9	1	29	133710862
9	1	30	133710863
9	1	31	133710864
9	1	32	133710865
9	1	33	133710866
9	1	34	133710867
9	1	35	133710868
9	1	36	133710869
9	1	37	133710870
9	1	38	133710871
9	1	39	133710872
9	1	40	133710873
9	1	41	133710874
9	1	42	133710875
9	1	43	133710876
9	1	44	133710877
9	1	45	133710878
9	1	46	133710879
9	1	47	133710880
9	1	48	133710881
9	1	49	133710882
9	1	50	133710883
9	1	51	133710884
9	1	52	133710885
9	1	53	133710886
9	1	54	133710887
9	1	55	133710888
9	1	56	133710889
9	1	57	133710890
9	1	58	133710891
9	1	59	133710892
9	1	60	133710893
9	1	61	133710894
9	1	62	133710895
9	1	63	133710896
9	1	64	133710897
9	1	65	133710898
9	1	66	133710899
9	1	67	133710900
9	1	68	133710901
9	1	69	133710902
9	1	70	133710903
9	1	71	133710904
9	1	72	133710905
9	1	73	133710906
9	1	74	133710907
9	1	75	133710908
9	1	76	133710909
9	1	77	133710910
9	1	78	133710911
9	1	79	133710912
9	2	80	133729451
9	2	81	133729452
9	2	82	133729453
9	2	83	133729454
9	2	84	133729455
9	2	85	133729456
9	2	86	133729457
9	2	87	133729458
9	2	88	133729459
9	2	89	133729460
9	2	90	133729461
9	2	91	133729462
9	2	92	133729463
9	2	93	133729464
9	2	94	133729465
9	2	95	133729466
9	2	96	133729467
9	2	97	133729468
9	2	98	133729469
9	2	99	133729470
9	2	100	133729471
9	2	101	133729472
9	2	102	133729473
9	2	103	133729474
9	2	104	133729475
9	2	105	133729476
9	2	106	133729477
9	2	107	133729478
9	2	108	133729479
9	2	109	133729480
9	2	110	133729481
9	2	111	133729482
9	2	112	133729483
9	2	113	133729484
9	2	114	133729485
9	2	115	133729486
9	2	116	133729487
9	2	117	133729488
9	2	118	133729489
9	2	119	133729490
9	2	120	133729491
9	2	121	133729492
9	2	122	133729493
9	2	123	133729494
9	2	124	133729495
9	2	125	133729496
9	2	126	133729497
9	2	127	133729498
9	2	128	133729499
9	2	129	133729500
9	2	130	133729501
9	2	131	133729502
9	2	132	133729503
9	2	133	133729504
9	2	134	133729505
9	2	135	133729506
9	2	136	133729507
9	2	137	133729508
9	2	138	133729509
9	2	139	133729510
9	2	140	133729511
9	2	141	133729512
9	2	142	133729513
9	2	143	133729514
9	2	144	133729515
9	2	145	133729516
9	2	146	133729517
9	2	147	133729518
9	2	148	133729519
9	2	149	133729520
9	2	150	133729521
9	2	151	133729522
9	2	152	133729523
9	2	153	133729524
9	2	154	133729525
9	2	155	133729526
9	2	156	133729527
9	2	157	133729528
9	2	158	133729529
9	2	159	133729530
9	2	160	133729531
9	2	161	133729532
9	2	162	133729533
9	2	163	133729534
9	2	164	133729535
9	2	165	133729536
9	2	166	133729537
9	2	167	133729538
9	2	168	133729539
9	2	169	133729540
9	2	170	133729541
9	2	171	133729542
9	2	172	133729543
9	2	173	133729544
9	2	174	133729545
9	2	175	133729546
9	2	176	133729547
9	2	177	133729548
9	2	178	133729549
9	2	179	133729550
9	2	180	133729551
9	2	181	133729552
9	2	182	133729553
9	2	183	133729554
9	2	184	133729555
9	2	185	133729556
9	2	186	133729557
9	2	187	133729558
9	2	188	133729559
9	2	189	133729560
9	2	190	133729561
9	2	191	133729562
9	2	192	133729563
9	2	193	133729564
9	2	194	133729565
9	2	195	133729566
9	2	196	133729567
9	2	197	133729568
9	2	198	133729569
9	2	199	133729570
9	2	200	133729571
9	2	201	133729572
9	2	202	133729573
9	2	203	133729574
9	2	204	133729575
9	2	205	133729576
9	2	206	133729577
9	2	207	133729578
9	2	208	133729579
9	2	209	133729580
9	2	210	133729581
9	2	211	133729582
9	2	212	133729583
9	2	213	133729584
9	2	214	133729585
9	2	215	133729586
9	2	216	133729587
9	2	217	133729588
9	2	218	133729589
9	2	219	133729590
9	2	220	133729591
9	2	221	133729592
9	2	222	133729593
9	2	223	133729594
9	2	224	133729595
9	2	225	133729596
9	2	226	133729597
9	2	227	133729598
9	2	228	133729599
9	2	229	133729600
9	2	230	133729601
9	2	231	133729602
9	2	232	133729603
9	2	233	133729604
9	2	234	133729605
9	2	235	133729606
9	2	236	133729607
9	2	237	133729608
9	2	238	133729609
9	2	239	133729610
9	2	240	133729611
9	2	241	133729612
9	2	242	133729613
9	2	243	133729614
9	2	244	133729615
9	2	245	133729616
9	2	246	133729617
9	2	247	133729618
9	2	248	133729619
9	2	249	133729620
9	2	250	133729621
9	2	251	133729622
9	2	252	133729623
9	2	253	133729624
9	3	254	133730188
9	3	255	133730189
9	3	256	133730190
9	3	257	133730191
9	3	258	133730192
9	3	259	133730193
9	3	260	133730194
9	3	261	133730195
9	3	262	133730196
9	3	263	133730197
9	3	264	133730198
9	3	265	133730199
9	3	266	133730200
9	3	267	133730201
9	3	268	133730202
9	3	269	133730203
9	3	270	133730204
9	3	271	133730205
9	3	272	133730206
9	3	273	133730207
9	3	274	133730208
9	3	275	133730209
9	3	276	133730210
9	3	277	133730211
9	3	278	133730212
9	3	279	133730213
9	3	280	133730214
9	3	281	133730215
9	3	282	133730216
9	3	283	133730217
9	3	284	133730218
9	3	285	133730219
9	3	286	133730220
9	3	287	133730221
9	3	288	133730222
9	3	289	133730223
9	3	290	133730224
9	3	291	133730225
9	3	292	133730226
9	3	293	133730227
9	3	294	133730228
9	3	295	133730229
9	3	296	133730230
9	3	297	133730231
9	3	298	133730232
9	3	299	133730233
9	3	300	133730234
9	3	301	133730235
9	3	302	133730236
9	3	303	133730237
9	3	304	133730238
9	3	305	133730239
9	3	306	133730240
9	3	307	133730241
9	3	308	133730242
9	3	309	133730243
9	3	310	133730244
9	3	311	133730245
9	3	312	133730246
9	3	313	133730247
9	3	314	133730248
9	3	315	133730249
9	3	316	133730250
9	3	317	133730251
9	3	318	133730252
9	3	319	133730253
9	3	320	133730254
9	3	321	133730255
9	3	322	133730256
9	3	323	133730257
9	3	324	133730258
9	3	325	133730259
9	3	326	133730260
9	3	327	133730261
9	3	328	133730262
9	3	329	133730263
9	3	330	133730264
9	3	331	133730265
9	3	332	133730266
9	3	333	133730267
9	3	334	133730268
9	3	335	133730269
9	3	336	133730270
9	3	337	133730271
9	3	338	133730272
9	3	339	133730273
9	3	340	133730274
9	3	341	133730275
9	3	342	133730276
9	3	343	133730277
9	3	344	133730278
9	3	345	133730279
9	3	346	133730280
9	3	347	133730281
9	3	348	133730282
9	3	349	133730283
9	3	350	133730284
9	3	351	133730285
9	3	352	133730286
9	3	353	133730287
9	3	354	133730288
9	3	355	133730289
9	3	356	133730290
9	3	357	133730291
9	3	358	133730292
9	3	359	133730293
9	3	360	133730294
9	3	361	133730295
9	3	362	133730296
9	3	363	133730297
9	3	364	133730298
9	3	365	133730299
9	3	366	133730300
9	3	367	133730301
9	3	368	133730302
9	3	369	133730303
9	3	370	133730304
9	3	371	133730305
9	3	372	133730306
9	3	373	133730307
9	3	374	133730308
9	3	375	133730309
9	3	376	133730310
9	3	377	133730311
9	3	378	133730312
9	3	379	133730313
9	3	380	133730314
9	3	381	133730315
9	3	382	133730316
9	3	383	133730317
9	3	384	133730318
9	3	385	133730319
9	3	386	133730320
9	3	387	133730321
9	3	388	133730322
9	3	389	133730323
9	3	390	133730324
9	3	391	133730325
9	3	392	133730326
9	3	393	133730327
9	3	394	133730328
9	3	395	133730329
9	3	396	133730330
9	3	397	133730331
9	3	398	133730332
9	3	399	133730333
9	3	400	133730334
9	3	401	133730335
9	3	402	133730336
9	3	403	133730337
9	3	404	133730338
9	3	405	133730339
9	3	406	133730340
9	3	407	133730341
9	3	408	133730342
9	3	409	133730343
9	3	410	133730344
9	3	411	133730345
9	3	412	133730346
9	3	413	133730347
9	3	414	133730348
9	3	415	133730349
9	3	416	133730350
9	3	417	133730351
9	3	418	133730352
9	3	419	133730353
9	3	420	133730354
9	3	421	133730355
9	3	422	133730356
9	3	423	133730357
9	3	424	133730358
9	3	425	133730359
9	3	426	133730360
9	3	427	133730361
9	3	428	133730362
9	3	429	133730363
9	3	430	133730364
9	3	431	133730365
9	3	432	133730366
9	3	433	133730367
9	3	434	133730368
9	3	435	133730369
9	3	436	133730370
9	3	437	133730371
9	3	438	133730372
9	3	439	133730373
9	3	440	133730374
9	3	441	133730375
9	3	442	133730376
9	3	443	133730377
9	3	444	133730378
9	3	445	133730379
9	3	446	133730380
9	3	447	133730381
9	3	448	133730382
9	3	449	133730383
9	3	450	133730384
9	3	451	133730385
9	3	452	133730386
9	3	453	133730387
9	3	454	133730388
9	3	455	133730389
9	3	456	133730390
9	3	457	133730391
9	3	458	133730392
9	3	459	133730393
9	3	460	133730394
9	3	461	133730395
9	3	462	133730396
9	3	463	133730397
9	3	464	133730398
9	3	465	133730399
9	3	466	133730400
9	3	467	133730401
9	3	468	133730402
9	3	469	133730403
9	3	470	133730404
9	3	471	133730405
9	3	472	133730406
9	3	473	133730407
9	3	474	133730408
9	3	475	133730409
9	3	476	133730410
9	3	477	133730411
9	3	478	133730412
9	3	479	133730413
9	3	480	133730414
9	3	481	133730415
9	3	482	133730416
9	3	483	133730417
9	3	484	133730418
9	3	485	133730419
9	3	486	133730420
9	3	487	133730421
9	3	488	133730422
9	3	489	133730423
9	3	490	133730424
9	3	491	133730425
9	3	492	133730426
9	3	493	133730427
9	3	494	133730428
9	3	495	133730429
9	3	496	133730430
9	3	497	133730431
9	3	498	133730432
9	3	499	133730433
9	3	500	133730434
9	3	501	133730435
9	3	502	133730436
9	3	503	133730437
9	3	504	133730438
9	3	505	133730439
9	3	506	133730440
9	3	507	133730441
9	3	508	133730442
9	3	509	133730443
9	3	510	133730444
9	3	511	133730445
9	3	512	133730446
9	3	513	133730447
9	3	514	133730448
9	3	515	133730449
9	3	516	133730450
9	3	517	133730451
9	3	518	133730452
9	3	519	133730453
9	3	520	133730454
9	3	521	133730455
9	3	522	133730456
9	3	523	133730457
9	3	524	133730458
9	3	525	133730459
9	3	526	133730460
9	3	527	133730461
9	3	528	133730462
9	3	529	133730463
9	3	530	133730464
9	3	531	133730465
9	3	532	133730466
9	3	533	133730467
9	3	534	133730468
9	3	535	133730469
9	3	536	133730470
9	3	537	133730471
9	3	538	133730472
9	3	539	133730473
9	3	540	133730474
9	3	541	133730475
9	3	542	133730476
9	3	543	133730477
9	3	544	133730478
9	3	545	133730479
9	3	546	133730480
9	3	547	133730481
9	3	548	133730482
9	3	549	133730483
9	4	550	133738150
9	4	551	133738151
9	4	552	133738152
9	4	553	133738153
9	4	554	133738154
9	4	555	133738155
9	4	556	133738156
9	4	557	133738157
9	4	558	133738158
9	4	559	133738159
9	4	560	133738160
9	4	561	133738161
9	4	562	133738162
9	4	563	133738163
9	4	564	133738164
9	4	565	133738165
9	4	566	133738166
9	4	567	133738167
9	4	568	133738168
9	4	569	133738169
9	4	570	133738170
9	4	571	133738171
9	4	572	133738172
9	4	573	133738173
9	4	574	133738174
9	4	575	133738175
9	4	576	133738176
9	4	577	133738177
9	4	578	133738178
9	4	579	133738179
9	4	580	133738180
9	4	581	133738181
9	4	582	133738182
9	4	583	133738183
9	4	584	133738184
9	4	585	133738185
9	4	586	133738186
9	4	587	133738187
9	4	588	133738188
9	4	589	133738189
9	4	590	133738190
9	4	591	133738191
9	4	592	133738192
9	4	593	133738193
9	4	594	133738194
9	4	595	133738195
9	4	596	133738196
9	4	597	133738197
9	4	598	133738198
9	4	599	133738199
9	4	600	133738200
9	4	601	133738201
9	4	602	133738202
9	4	603	133738203
9	4	604	133738204
9	4	605	133738205
9	4	606	133738206
9	4	607	133738207
9	4	608	133738208
9	4	609	133738209
9	4	610	133738210
9	4	611	133738211
9	4	612	133738212
9	4	613	133738213
9	4	614	133738214
9	4	615	133738215
9	4	616	133738216
9	4	617	133738217
9	4	618	133738218
9	4	619	133738219
9	4	620	133738220
9	4	621	133738221
9	4	622	133738222
9	4	623	133738223
9	4	624	133738224
9	4	625	133738225
9	4	626	133738226
9	4	627	133738227
9	4	628	133738228
9	4	629	133738229
9	4	630	133738230
9	4	631	133738231
9	4	632	133738232
9	4	633	133738233
9	4	634	133738234
9	4	635	133738235
9	4	636	133738236
9	4	637	133738237
9	4	638	133738238
9	4	639	133738239
9	4	640	133738240
9	4	641	133738241
9	4	642	133738242
9	4	643	133738243
9	4	644	133738244
9	4	645	133738245
9	4	646	133738246
9	4	647	133738247
9	4	648	133738248
9	4	649	133738249
9	4	650	133738250
9	4	651	133738251
9	4	652	133738252
9	4	653	133738253
9	4	654	133738254
9	4	655	133738255
9	4	656	133738256
9	4	657	133738257
9	4	658	133738258
9	4	659	133738259
9	4	660	133738260
9	4	661	133738261
9	4	662	133738262
9	4	663	133738263
9	4	664	133738264
9	4	665	133738265
9	4	666	133738266
9	4	667	133738267
9	4	668	133738268
9	4	669	133738269
9	4	670	133738270
9	4	671	133738271
9	4	672	133738272
9	4	673	133738273
9	4	674	133738274
9	4	675	133738275
9	4	676	133738276
9	4	677	133738277
9	4	678	133738278
9	4	679	133738279
9	4	680	133738280
9	4	681	133738281
9	4	682	133738282
9	4	683	133738283
9	4	684	133738284
9	4	685	133738285
9	4	686	133738286
9	4	687	133738287
9	4	688	133738288
9	4	689	133738289
9	4	690	133738290
9	4	691	133738291
9	4	692	133738292
9	4	693	133738293
9	4	694	133738294
9	4	695	133738295
9	4	696	133738296
9	4	697	133738297
9	4	698	133738298
9	4	699	133738299
9	4	700	133738300
9	4	701	133738301
9	4	702	133738302
9	4	703	133738303
9	4	704	133738304
9	4	705	133738305
9	4	706	133738306
9	4	707	133738307
9	4	708	133738308
9	4	709	133738309
9	4	710	133738310
9	4	711	133738311
9	4	712	133738312
9	4	713	133738313
9	4	714	133738314
9	4	715	133738315
9	4	716	133738316
9	4	717	133738317
9	4	718	133738318
9	4	719	133738319
9	4	720	133738320
9	4	721	133738321
9	4	722	133738322
9	4	723	133738323
9	4	724	133738324
9	4	725	133738325
9	4	726	133738326
9	4	727	133738327
9	4	728	133738328
9	4	729	133738329
9	4	730	133738330
9	4	731	133738331
9	4	732	133738332
9	4	733	133738333
9	4	734	133738334
9	4	735	133738335
9	4	736	133738336
9	4	737	133738337
9	4	738	133738338
9	4	739	133738339
9	4	740	133738340
9	4	741	133738341
9	4	742	133738342
9	4	743	133738343
9	4	744	133738344
9	4	745	133738345
9	4	746	133738346
9	4	747	133738347
9	4	748	133738348
9	4	749	133738349
9	4	750	133738350
9	4	751	133738351
9	4	752	133738352
9	4	753	133738353
9	4	754	133738354
9	4	755	133738355
9	4	756	133738356
9	4	757	133738357
9	4	758	133738358
9	4	759	133738359
9	4	760	133738360
9	4	761	133738361
9	4	762	133738362
9	4	763	133738363
9	4	764	133738364
9	4	765	133738365
9	4	766	133738366
9	4	767	133738367
9	4	768	133738368
9	4	769	133738369
9	4	770	133738370
9	4	771	133738371
9	4	772	133738372
9	4	773	133738373
9	4	774	133738374
9	4	775	133738375
9	4	776	133738376
9	4	777	133738377
9	4	778	133738378
9	4	779	133738379
9	4	780	133738380
9	4	781	133738381
9	4	782	133738382
9	4	783	133738383
9	4	784	133738384
9	4	785	133738385
9	4	786	133738386
9	4	787	133738387
9	4	788	133738388
9	4	789	133738389
9	4	790	133738390
9	4	791	133738391
9	4	792	133738392
9	4	793	133738393
9	4	794	133738394
9	4	795	133738395
9	4	796	133738396
9	4	797	133738397
9	4	798	133738398
9	4	799	133738399
9	4	800	133738400
9	4	801	133738401
9	4	802	133738402
9	4	803	133738403
9	4	804	133738404
9	4	805	133738405
9	4	806	133738406
9	4	807	133738407
9	4	808	133738408
9	4	809	133738409
9	4	810	133738410
9	4	811	133738411
9	4	812	133738412
9	4	813	133738413
9	4	814	133738414
9	4	815	133738415
9	4	816	133738416
9	4	817	133738417
9	4	818	133738418
9	4	819	133738419
9	4	820	133738420
9	4	821	133738421
9	4	822	133738422
9	5	823	133747516
9	5	824	133747517
9	5	825	133747518
9	5	826	133747519
9	5	827	133747520
9	5	828	133747521
9	5	829	133747522
9	5	830	133747523
9	5	831	133747524
9	5	832	133747525
9	5	833	133747526
9	5	834	133747527
9	5	835	133747528
9	5	836	133747529
9	5	837	133747530
9	5	838	133747531
9	5	839	133747532
9	5	840	133747533
9	5	841	133747534
9	5	842	133747535
9	5	843	133747536
9	5	844	133747537
9	5	845	133747538
9	5	846	133747539
9	5	847	133747540
9	5	848	133747541
9	5	849	133747542
9	5	850	133747543
9	5	851	133747544
9	5	852	133747545
9	5	853	133747546
9	5	854	133747547
9	5	855	133747548
9	5	856	133747549
9	5	857	133747550
9	5	858	133747551
9	5	859	133747552
9	5	860	133747553
9	5	861	133747554
9	5	862	133747555
9	5	863	133747556
9	5	864	133747557
9	5	865	133747558
9	5	866	133747559
9	5	867	133747560
9	5	868	133747561
9	5	869	133747562
9	5	870	133747563
9	5	871	133747564
9	5	872	133747565
9	5	873	133747566
9	5	874	133747567
9	5	875	133747568
9	5	876	133747569
9	5	877	133747570
9	5	878	133747571
9	5	879	133747572
9	5	880	133747573
9	5	881	133747574
9	5	882	133747575
9	5	883	133747576
9	5	884	133747577
9	5	885	133747578
9	5	886	133747579
9	5	887	133747580
9	5	888	133747581
9	5	889	133747582
9	5	890	133747583
9	5	891	133747584
9	5	892	133747585
9	5	893	133747586
9	5	894	133747587
9	5	895	133747588
9	5	896	133747589
9	5	897	133747590
9	5	898	133747591
9	5	899	133747592
9	5	900	133747593
9	5	901	133747594
9	5	902	133747595
9	5	903	133747596
9	5	904	133747597
9	5	905	133747598
9	5	906	133747599
9	5	907	133747600
9	6	908	133748247
9	6	909	133748248
9	6	910	133748249
9	6	911	133748250
9	6	912	133748251
9	6	913	133748252
9	6	914	133748253
9	6	915	133748254
9	6	916	133748255
9	6	917	133748256
9	6	918	133748257
9	6	919	133748258
9	6	920	133748259
9	6	921	133748260
9	6	922	133748261
9	6	923	133748262
9	6	924	133748263
9	6	925	133748264
9	6	926	133748265
9	6	927	133748266
9	6	928	133748267
9	6	929	133748268
9	6	930	133748269
9	6	931	133748270
9	6	932	133748271
9	6	933	133748272
9	6	934	133748273
9	6	935	133748274
9	6	936	133748275
9	6	937	133748276
9	6	938	133748277
9	6	939	133748278
9	6	940	133748279
9	6	941	133748280
9	6	942	133748281
9	6	943	133748282
9	6	944	133748283
9	6	945	133748284
9	6	946	133748285
9	6	947	133748286
9	6	948	133748287
9	6	949	133748288
9	6	950	133748289
9	6	951	133748290
9	6	952	133748291
9	6	953	133748292
9	6	954	133748293
9	6	955	133748294
9	6	956	133748295
9	6	957	133748296
9	6	958	133748297
9	6	959	133748298
9	6	960	133748299
9	6	961	133748300
9	6	962	133748301
9	6	963	133748302
9	6	964	133748303
9	6	965	133748304
9	6	966	133748305
9	6	967	133748306
9	6	968	133748307
9	6	969	133748308
9	6	970	133748309
9	6	971	133748310
9	6	972	133748311
9	6	973	133748312
9	6	974	133748313
9	6	975	133748314
9	6	976	133748315
9	6	977	133748316
9	6	978	133748317
9	6	979	133748318
9	6	980	133748319
9	6	981	133748320
9	6	982	133748321
9	6	983	133748322
9	6	984	133748323
9	6	985	133748324
9	6	986	133748325
9	6	987	133748326
9	6	988	133748327
9	6	989	133748328
9	6	990	133748329
9	6	991	133748330
9	6	992	133748331
9	6	993	133748332
9	6	994	133748333
9	6	995	133748334
9	6	996	133748335
9	6	997	133748336
9	6	998	133748337
9	6	999	133748338
9	6	1000	133748339
9	6	1001	133748340
9	6	1002	133748341
9	6	1003	133748342
9	6	1004	133748343
9	6	1005	133748344
9	6	1006	133748345
9	6	1007	133748346
9	6	1008	133748347
9	6	1009	133748348
9	6	1010	133748349
9	6	1011	133748350
9	6	1012	133748351
9	6	1013	133748352
9	6	1014	133748353
9	6	1015	133748354
9	6	1016	133748355
9	6	1017	133748356
9	6	1018	133748357
9	6	1019	133748358
9	6	1020	133748359
9	6	1021	133748360
9	6	1022	133748361
9	6	1023	133748362
9	6	1024	133748363
9	6	1025	133748364
9	6	1026	133748365
9	6	1027	133748366
9	6	1028	133748367
9	6	1029	133748368
9	6	1030	133748369
9	6	1031	133748370
9	6	1032	133748371
9	6	1033	133748372
9	6	1034	133748373
9	6	1035	133748374
9	6	1036	133748375
9	6	1037	133748376
9	6	1038	133748377
9	6	1039	133748378
9	6	1040	133748379
9	6	1041	133748380
9	6	1042	133748381
9	6	1043	133748382
9	6	1044	133748383
9	6	1045	133748384
9	6	1046	133748385
9	6	1047	133748386
9	6	1048	133748387
9	6	1049	133748388
9	6	1050	133748389
9	6	1051	133748390
9	6	1052	133748391
9	6	1053	133748392
9	6	1054	133748393
9	6	1055	133748394
9	6	1056	133748395
9	6	1057	133748396
9	6	1058	133748397
9	6	1059	133748398
9	6	1060	133748399
9	6	1061	133748400
9	6	1062	133748401
9	6	1063	133748402
9	6	1064	133748403
9	6	1065	133748404
9	6	1066	133748405
9	6	1067	133748406
9	6	1068	133748407
9	6	1069	133748408
9	6	1070	133748409
9	6	1071	133748410
9	6	1072	133748411
9	6	1073	133748412
9	6	1074	133748413
9	6	1075	133748414
9	6	1076	133748415
9	6	1077	133748416
9	6	1078	133748417
9	6	1079	133748418
9	6	1080	133748419
9	6	1081	133748420
9	6	1082	133748421
9	6	1083	133748422
9	6	1084	133748423
9	6	1085	133748424
9	7	1086	133750255
9	7	1087	133750256
9	7	1088	133750257
9	7	1089	133750258
9	7	1090	133750259
9	7	1091	133750260
9	7	1092	133750261
9	7	1093	133750262
9	7	1094	133750263
9	7	1095	133750264
9	7	1096	133750265
9	7	1097	133750266
9	7	1098	133750267
9	7	1099	133750268
9	7	1100	133750269
9	7	1101	133750270
9	7	1102	133750271
9	7	1103	133750272
9	7	1104	133750273
9	7	1105	133750274
9	7	1106	133750275
9	7	1107	133750276
9	7	1108	133750277
9	7	1109	133750278
9	7	1110	133750279
9	7	1111	133750280
9	7	1112	133750281
9	7	1113	133750282
9	7	1114	133750283
9	7	1115	133750284
9	7	1116	133750285
9	7	1117	133750286
9	7	1118	133750287
9	7	1119	133750288
9	7	1120	133750289
9	7	1121	133750290
9	7	1122	133750291
9	7	1123	133750292
9	7	1124	133750293
9	7	1125	133750294
9	7	1126	133750295
9	7	1127	133750296
9	7	1128	133750297
9	7	1129	133750298
9	7	1130	133750299
9	7	1131	133750300
9	7	1132	133750301
9	7	1133	133750302
9	7	1134	133750303
9	7	1135	133750304
9	7	1136	133750305
9	7	1137	133750306
9	7	1138	133750307
9	7	1139	133750308
9	7	1140	133750309
9	7	1141	133750310
9	7	1142	133750311
9	7	1143	133750312
9	7	1144	133750313
9	7	1145	133750314
9	7	1146	133750315
9	7	1147	133750316
9	7	1148	133750317
9	7	1149	133750318
9	7	1150	133750319
9	7	1151	133750320
9	7	1152	133750321
9	7	1153	133750322
9	7	1154	133750323
9	7	1155	133750324
9	7	1156	133750325
9	7	1157	133750326
9	7	1158	133750327
9	7	1159	133750328
9	7	1160	133750329
9	7	1161	133750330
9	7	1162	133750331
9	7	1163	133750332
9	7	1164	133750333
9	7	1165	133750334
9	7	1166	133750335
9	7	1167	133750336
9	7	1168	133750337
9	7	1169	133750338
9	7	1170	133750339
9	7	1171	133750340
9	7	1172	133750341
9	7	1173	133750342
9	7	1174	133750343
9	7	1175	133750344
9	7	1176	133750345
9	7	1177	133750346
9	7	1178	133750347
9	7	1179	133750348
9	7	1180	133750349
9	7	1181	133750350
9	7	1182	133750351
9	7	1183	133750352
9	7	1184	133750353
9	7	1185	133750354
9	7	1186	133750355
9	7	1187	133750356
9	7	1188	133750357
9	7	1189	133750358
9	7	1190	133750359
9	7	1191	133750360
9	7	1192	133750361
9	7	1193	133750362
9	7	1194	133750363
9	7	1195	133750364
9	7	1196	133750365
9	7	1197	133750366
9	7	1198	133750367
9	7	1199	133750368
9	7	1200	133750369
9	7	1201	133750370
9	7	1202	133750371
9	7	1203	133750372
9	7	1204	133750373
9	7	1205	133750374
9	7	1206	133750375
9	7	1207	133750376
9	7	1208	133750377
9	7	1209	133750378
9	7	1210	133750379
9	7	1211	133750380
9	7	1212	133750381
9	7	1213	133750382
9	7	1214	133750383
9	7	1215	133750384
9	7	1216	133750385
9	7	1217	133750386
9	7	1218	133750387
9	7	1219	133750388
9	7	1220	133750389
9	7	1221	133750390
9	7	1222	133750391
9	7	1223	133750392
9	7	1224	133750393
9	7	1225	133750394
9	7	1226	133750395
9	7	1227	133750396
9	7	1228	133750397
9	7	1229	133750398
9	7	1230	133750399
9	7	1231	133750400
9	7	1232	133750401
9	7	1233	133750402
9	7	1234	133750403
9	7	1235	133750404
9	7	1236	133750405
9	7	1237	133750406
9	7	1238	133750407
9	7	1239	133750408
9	7	1240	133750409
9	7	1241	133750410
9	7	1242	133750411
9	7	1243	133750412
9	7	1244	133750413
9	7	1245	133750414
9	7	1246	133750415
9	7	1247	133750416
9	7	1248	133750417
9	7	1249	133750418
9	7	1250	133750419
9	7	1251	133750420
9	7	1252	133750421
9	7	1253	133750422
9	7	1254	133750423
9	7	1255	133750424
9	7	1256	133750425
9	7	1257	133750426
9	7	1258	133750427
9	7	1259	133750428
9	7	1260	133750429
9	7	1261	133750430
9	7	1262	133750431
9	7	1263	133750432
9	7	1264	133750433
9	7	1265	133750434
9	7	1266	133750435
9	7	1267	133750436
9	7	1268	133750437
9	7	1269	133750438
9	7	1270	133750439
9	8	1271	133753802
9	8	1272	133753803
9	8	1273	133753804
9	8	1274	133753805
9	8	1275	133753806
9	8	1276	133753807
9	8	1277	133753808
9	8	1278	133753809
9	8	1279	133753810
9	8	1280	133753811
9	8	1281	133753812
9	8	1282	133753813
9	8	1283	133753814
9	8	1284	133753815
9	8	1285	133753816
9	8	1286	133753817
9	8	1287	133753818
9	8	1288	133753819
9	8	1289	133753820
9	8	1290	133753821
9	8	1291	133753822
9	8	1292	133753823
9	8	1293	133753824
9	8	1294	133753825
9	8	1295	133753826
9	8	1296	133753827
9	8	1297	133753828
9	8	1298	133753829
9	8	1299	133753830
9	8	1300	133753831
9	8	1301	133753832
9	8	1302	133753833
9	8	1303	133753834
9	8	1304	133753835
9	8	1305	133753836
9	8	1306	133753837
9	8	1307	133753838
9	8	1308	133753839
9	8	1309	133753840
9	8	1310	133753841
9	8	1311	133753842
9	8	1312	133753843
9	8	1313	133753844
9	8	1314	133753845
9	8	1315	133753846
9	8	1316	133753847
9	8	1317	133753848
9	8	1318	133753849
9	8	1319	133753850
9	8	1320	133753851
9	8	1321	133753852
9	8	1322	133753853
9	8	1323	133753854
9	8	1324	133753855
9	8	1325	133753856
9	8	1326	133753857
9	8	1327	133753858
9	8	1328	133753859
9	8	1329	133753860
9	8	1330	133753861
9	8	1331	133753862
9	8	1332	133753863
9	8	1333	133753864
9	8	1334	133753865
9	8	1335	133753866
9	8	1336	133753867
9	8	1337	133753868
9	8	1338	133753869
9	8	1339	133753870
9	8	1340	133753871
9	8	1341	133753872
9	8	1342	133753873
9	8	1343	133753874
9	8	1344	133753875
9	8	1345	133753876
9	8	1346	133753877
9	8	1347	133753878
9	8	1348	133753879
9	8	1349	133753880
9	8	1350	133753881
9	8	1351	133753882
9	8	1352	133753883
9	8	1353	133753884
9	8	1354	133753885
9	8	1355	133753886
9	8	1356	133753887
9	8	1357	133753888
9	8	1358	133753889
9	8	1359	133753890
9	8	1360	133753891
9	8	1361	133753892
9	8	1362	133753893
9	8	1363	133753894
9	8	1364	133753895
9	8	1365	133753896
9	8	1366	133753897
9	8	1367	133753898
9	8	1368	133753899
9	8	1369	133753900
9	8	1370	133753901
9	8	1371	133753902
9	8	1372	133753903
9	8	1373	133753904
9	8	1374	133753905
9	8	1375	133753906
9	8	1376	133753907
9	8	1377	133753908
9	8	1378	133753909
9	8	1379	133753910
9	8	1380	133753911
9	8	1381	133753912
9	8	1382	133753913
9	8	1383	133753914
9	8	1384	133753915
9	8	1385	133753916
9	8	1386	133753917
9	8	1387	133753918
9	8	1388	133753919
9	8	1389	133753920
9	8	1390	133753921
9	8	1391	133753922
9	8	1392	133753923
9	8	1393	133753924
9	8	1394	133753925
9	8	1395	133753926
9	8	1396	133753927
9	8	1397	133753928
9	8	1398	133753929
9	8	1399	133753930
9	8	1400	133753931
9	8	1401	133753932
9	8	1402	133753933
9	8	1403	133753934
9	8	1404	133753935
9	8	1405	133753936
9	8	1406	133753937
9	8	1407	133753938
9	8	1408	133753939
9	8	1409	133753940
9	8	1410	133753941
9	8	1411	133753942
9	8	1412	133753943
9	8	1413	133753944
9	8	1414	133753945
9	8	1415	133753946
9	8	1416	133753947
9	8	1417	133753948
9	8	1418	133753949
9	8	1419	133753950
9	8	1420	133753951
9	8	1421	133753952
9	8	1422	133753953
9	8	1423	133753954
9	9	1424	133755455
9	9	1425	133755456
9	9	1426	133755457
9	9	1427	133755458
9	9	1428	133755459
9	9	1429	133755460
9	9	1430	133755461
9	9	1431	133755462
9	9	1432	133755463
9	9	1433	133755464
9	9	1434	133755465
9	9	1435	133755466
9	9	1436	133755467
9	9	1437	133755468
9	9	1438	133755469
9	9	1439	133755470
9	9	1440	133755471
9	9	1441	133755472
9	9	1442	133755473
9	9	1443	133755474
9	9	1444	133755475
9	9	1445	133755476
9	9	1446	133755477
9	9	1447	133755478
9	9	1448	133755479
9	9	1449	133755480
9	9	1450	133755481
9	9	1451	133755482
9	9	1452	133755483
9	9	1453	133755484
9	9	1454	133755485
9	9	1455	133755486
9	9	1456	133755487
9	9	1457	133755488
9	9	1458	133755489
9	9	1459	133755490
9	9	1460	133755491
9	9	1461	133755492
9	9	1462	133755493
9	9	1463	133755494
9	9	1464	133755495
9	9	1465	133755496
9	9	1466	133755497
9	9	1467	133755498
9	9	1468	133755499
9	9	1469	133755500
9	9	1470	133755501
9	9	1471	133755502
9	9	1472	133755503
9	9	1473	133755504
9	9	1474	133755505
9	9	1475	133755506
9	9	1476	133755507
9	9	1477	133755508
9	9	1478	133755509
9	9	1479	133755510
9	9	1480	133755511
9	9	1481	133755512
9	9	1482	133755513
9	9	1483	133755514
9	9	1484	133755515
9	9	1485	133755516
9	9	1486	133755517
9	9	1487	133755518
9	9	1488	133755519
9	9	1489	133755520
9	9	1490	133755521
9	9	1491	133755522
9	9	1492	133755523
9	9	1493	133755524
9	9	1494	133755525
9	9	1495	133755526
9	9	1496	133755527
9	9	1497	133755528
9	9	1498	133755529
9	9	1499	133755530
9	9	1500	133755531
9	9	1501	133755532
9	9	1502	133755533
9	9	1503	133755534
9	9	1504	133755535
9	9	1505	133755536
9	9	1506	133755537
9	9	1507	133755538
9	9	1508	133755539
9	9	1509	133755540
9	9	1510	133755541
9	9	1511	133755542
9	9	1512	133755543
9	9	1513	133755544
9	10	1514	133755887
9	10	1515	133755888
9	10	1516	133755889
9	10	1517	133755890
9	10	1518	133755891
9	10	1519	133755892
9	10	1520	133755893
9	10	1521	133755894
9	10	1522	133755895
9	10	1523	133755896
9	10	1524	133755897
9	10	1525	133755898
9	10	1526	133755899
9	10	1527	133755900
9	10	1528	133755901
9	10	1529	133755902
9	10	1530	133755903
9	10	1531	133755904
9	10	1532	133755905
9	10	1533	133755906
9	10	1534	133755907
9	10	1535	133755908
9	10	1536	133755909
9	10	1537	133755910
9	10	1538	133755911
9	10	1539	133755912
9	10	1540	133755913
9	10	1541	133755914
9	10	1542	133755915
9	10	1543	133755916
9	10	1544	133755917
9	10	1545	133755918
9	10	1546	133755919
9	10	1547	133755920
9	10	1548	133755921
9	10	1549	133755922
9	10	1550	133755923
9	10	1551	133755924
9	10	1552	133755925
9	10	1553	133755926
9	10	1554	133755927
9	10	1555	133755928
9	10	1556	133755929
9	10	1557	133755930
9	10	1558	133755931
9	10	1559	133755932
9	10	1560	133755933
9	10	1561	133755934
9	10	1562	133755935
9	10	1563	133755936
9	10	1564	133755937
9	10	1565	133755938
9	10	1566	133755939
9	10	1567	133755940
9	10	1568	133755941
9	10	1569	133755942
9	10	1570	133755943
9	10	1571	133755944
9	10	1572	133755945
9	10	1573	133755946
9	10	1574	133755947
9	10	1575	133755948
9	10	1576	133755949
9	10	1577	133755950
9	10	1578	133755951
9	10	1579	133755952
9	10	1580	133755953
9	10	1581	133755954
9	10	1582	133755955
9	10	1583	133755956
9	10	1584	133755957
9	10	1585	133755958
9	10	1586	133755959
9	10	1587	133755960
9	10	1588	133755961
9	10	1589	133755962
9	10	1590	133755963
9	10	1591	133755964
9	10	1592	133755965
9	10	1593	133755966
9	10	1594	133755967
9	10	1595	133755968
9	10	1596	133755969
9	10	1597	133755970
9	10	1598	133755971
9	10	1599	133755972
9	10	1600	133755973
9	10	1601	133755974
9	10	1602	133755975
9	10	1603	133755976
9	10	1604	133755977
9	10	1605	133755978
9	10	1606	133755979
9	10	1607	133755980
9	10	1608	133755981
9	10	1609	133755982
9	10	1610	133755983
9	10	1611	133755984
9	10	1612	133755985
9	10	1613	133755986
9	10	1614	133755987
9	10	1615	133755988
9	10	1616	133755989
9	10	1617	133755990
9	10	1618	133755991
9	10	1619	133755992
9	10	1620	133755993
9	10	1621	133755994
9	10	1622	133755995
9	10	1623	133755996
9	10	1624	133755997
9	10	1625	133755998
9	10	1626	133755999
9	10	1627	133756000
9	10	1628	133756001
9	10	1629	133756002
9	10	1630	133756003
9	10	1631	133756004
9	10	1632	133756005
9	10	1633	133756006
9	10	1634	133756007
9	10	1635	133756008
9	10	1636	133756009
9	10	1637	133756010
9	10	1638	133756011
9	10	1639	133756012
9	10	1640	133756013
9	10	1641	133756014
9	10	1642	133756015
9	10	1643	133756016
9	10	1644	133756017
9	10	1645	133756018
9	10	1646	133756019
9	10	1647	133756020
9	10	1648	133756021
9	10	1649	133756022
9	10	1650	133756023
9	10	1651	133756024
9	10	1652	133756025
9	10	1653	133756026
9	10	1654	133756027
9	10	1655	133756028
9	10	1656	133756029
9	10	1657	133756030
9	10	1658	133756031
9	10	1659	133756032
9	10	1660	133756033
9	10	1661	133756034
9	10	1662	133756035
9	10	1663	133756036
9	10	1664	133756037
9	10	1665	133756038
9	10	1666	133756039
9	10	1667	133756040
9	10	1668	133756041
9	10	1669	133756042
9	10	1670	133756043
9	10	1671	133756044
9	10	1672	133756045
9	10	1673	133756046
9	10	1674	133756047
9	10	1675	133756048
9	10	1676	133756049
9	10	1677	133756050
9	10	1678	133756051
9	11	1679	133759356
9	11	1680	133759357
9	11	1681	133759358
9	11	1682	133759359
9	11	1683	133759360
9	11	1684	133759361
9	11	1685	133759362
9	11	1686	133759363
9	11	1687	133759364
9	11	1688	133759365
9	11	1689	133759366
9	11	1690	133759367
9	11	1691	133759368
9	11	1692	133759369
9	11	1693	133759370
9	11	1694	133759371
9	11	1695	133759372
9	11	1696	133759373
9	11	1697	133759374
9	11	1698	133759375
9	11	1699	133759376
9	11	1700	133759377
9	11	1701	133759378
9	11	1702	133759379
9	11	1703	133759380
9	11	1704	133759381
9	11	1705	133759382
9	11	1706	133759383
9	11	1707	133759384
9	11	1708	133759385
9	11	1709	133759386
9	11	1710	133759387
9	11	1711	133759388
9	11	1712	133759389
9	11	1713	133759390
9	11	1714	133759391
9	11	1715	133759392
9	11	1716	133759393
9	11	1717	133759394
9	11	1718	133759395
9	11	1719	133759396
9	11	1720	133759397
9	11	1721	133759398
9	11	1722	133759399
9	11	1723	133759400
9	11	1724	133759401
9	11	1725	133759402
9	11	1726	133759403
9	11	1727	133759404
9	11	1728	133759405
9	11	1729	133759406
9	11	1730	133759407
9	11	1731	133759408
9	11	1732	133759409
9	11	1733	133759410
9	11	1734	133759411
9	11	1735	133759412
9	11	1736	133759413
9	11	1737	133759414
9	11	1738	133759415
9	11	1739	133759416
9	11	1740	133759417
9	11	1741	133759418
9	11	1742	133759419
9	11	1743	133759420
9	11	1744	133759421
9	11	1745	133759422
9	11	1746	133759423
9	11	1747	133759424
9	11	1748	133759425
9	11	1749	133759426
9	11	1750	133759427
9	11	1751	133759428
9	11	1752	133759429
9	11	1753	133759430
9	11	1754	133759431
9	11	1755	133759432
9	11	1756	133759433
9	11	1757	133759434
9	11	1758	133759435
9	11	1759	133759436
9	11	1760	133759437
9	11	1761	133759438
9	11	1762	133759439
9	11	1763	133759440
9	11	1764	133759441
9	11	1765	133759442
9	11	1766	133759443
9	11	1767	133759444
9	11	1768	133759445
9	11	1769	133759446
9	11	1770	133759447
9	11	1771	133759448
9	11	1772	133759449
9	11	1773	133759450
9	11	1774	133759451
9	11	1775	133759452
9	11	1776	133759453
9	11	1777	133759454
9	11	1778	133759455
9	11	1779	133759456
9	11	1780	133759457
9	11	1781	133759458
9	11	1782	133759459
9	11	1783	133759460
9	11	1784	133759461
9	11	1785	133759462
9	11	1786	133759463
9	11	1787	133759464
9	11	1788	133759465
9	11	1789	133759466
9	11	1790	133759467
9	11	1791	133759468
9	11	1792	133759469
9	11	1793	133759470
9	11	1794	133759471
9	11	1795	133759472
9	11	1796	133759473
9	11	1797	133759474
9	11	1798	133759475
9	11	1799	133759476
9	11	1800	133759477
9	11	1801	133759478
9	11	1802	133759479
9	11	1803	133759480
9	11	1804	133759481
9	11	1805	133759482
9	11	1806	133759483
9	11	1807	133759484
9	11	1808	133759485
9	11	1809	133759486
9	11	1810	133759487
9	11	1811	133759488
9	11	1812	133759489
9	11	1813	133759490
9	11	1814	133759491
9	11	1815	133759492
9	11	1816	133759493
9	11	1817	133759494
9	11	1818	133759495
9	11	1819	133759496
9	11	1820	133759497
9	11	1821	133759498
9	11	1822	133759499
9	11	1823	133759500
9	11	1824	133759501
9	11	1825	133759502
9	11	1826	133759503
9	11	1827	133759504
9	11	1828	133759505
9	11	1829	133759506
9	11	1830	133759507
9	11	1831	133759508
9	11	1832	133759509
9	11	1833	133759510
9	11	1834	133759511
9	11	1835	133759512
9	11	1836	133759513
9	11	1837	133759514
9	11	1838	133759515
9	11	1839	133759516
9	11	1840	133759517
9	11	1841	133759518
9	11	1842	133759519
9	11	1843	133759520
9	11	1844	133759521
9	11	1845	133759522
9	11	1846	133759523
9	11	1847	133759524
9	11	1848	133759525
9	11	1849	133759526
9	11	1850	133759527
9	11	1851	133759528
9	11	1852	133759529
9	11	1853	133759530
9	11	1854	133759531
9	11	1855	133759532
9	11	1856	133759533
9	11	1857	133759534
9	11	1858	133759535
9	11	1859	133759536
9	11	1860	133759537
9	11	1861	133759538
9	11	1862	133759539
9	11	1863	133759540
9	11	1864	133759541
9	11	1865	133759542
9	11	1866	133759543
9	11	1867	133759544
9	11	1868	133759545
9	11	1869	133759546
9	11	1870	133759547
9	11	1871	133759548
9	11	1872	133759549
9	11	1873	133759550
9	11	1874	133759551
9	11	1875	133759552
9	11	1876	133759553
9	11	1877	133759554
9	11	1878	133759555
9	11	1879	133759556
9	11	1880	133759557
9	11	1881	133759558
9	11	1882	133759559
9	11	1883	133759560
9	11	1884	133759561
9	11	1885	133759562
9	11	1886	133759563
9	11	1887	133759564
9	11	1888	133759565
9	11	1889	133759566
9	11	1890	133759567
9	11	1891	133759568
9	11	1892	133759569
9	11	1893	133759570
9	11	1894	133759571
9	11	1895	133759572
9	11	1896	133759573
9	11	1897	133759574
9	11	1898	133759575
9	11	1899	133759576
9	11	1900	133759577
9	11	1901	133759578
9	11	1902	133759579
9	11	1903	133759580
9	11	1904	133759581
9	11	1905	133759582
9	11	1906	133759583
9	11	1907	133759584
9	11	1908	133759585
9	11	1909	133759586
9	11	1910	133759587
9	11	1911	133759588
9	11	1912	133759589
9	11	1913	133759590
9	11	1914	133759591
9	11	1915	133759592
9	11	1916	133759593
9	11	1917	133759594
9	11	1918	133759595
9	11	1919	133759596
9	11	1920	133759597
9	11	1921	133759598
9	11	1922	133759599
9	11	1923	133759600
9	11	1924	133759601
9	11	1925	133759602
9	11	1926	133759603
9	11	1927	133759604
9	11	1928	133759605
9	11	1929	133759606
9	11	1930	133759607
9	11	1931	133759608
9	11	1932	133759609
9	11	1933	133759610
9	11	1934	133759611
9	11	1935	133759612
9	11	1936	133759613
9	11	1937	133759614
9	11	1938	133759615
9	11	1939	133759616
9	11	1940	133759617
9	11	1941	133759618
9	11	1942	133759619
9	11	1943	133759620
9	11	1944	133759621
9	11	1945	133759622
9	11	1946	133759623
9	11	1947	133759624
9	11	1948	133759625
9	11	1949	133759626
9	11	1950	133759627
9	11	1951	133759628
9	11	1952	133759629
9	11	1953	133759630
9	11	1954	133759631
9	11	1955	133759632
9	11	1956	133759633
9	11	1957	133759634
9	11	1958	133759635
9	11	1959	133759636
9	11	1960	133759637
9	11	1961	133759638
9	11	1962	133759639
9	11	1963	133759640
9	11	1964	133759641
9	11	1965	133759642
9	11	1966	133759643
9	11	1967	133759644
9	11	1968	133759645
9	11	1969	133759646
9	11	1970	133759647
9	11	1971	133759648
9	11	1972	133759649
9	11	1973	133759650
9	11	1974	133759651
9	11	1975	133759652
9	11	1976	133759653
9	11	1977	133759654
9	11	1978	133759655
9	11	1979	133759656
9	11	1980	133759657
9	11	1981	133759658
9	11	1982	133759659
9	11	1983	133759660
9	11	1984	133759661
9	11	1985	133759662
9	11	1986	133759663
9	11	1987	133759664
9	11	1988	133759665
9	11	1989	133759666
9	11	1990	133759667
9	11	1991	133759668
9	11	1992	133759669
9	11	1993	133759670
9	11	1994	133759671
9	11	1995	133759672
9	11	1996	133759673
9	11	1997	133759674
9	11	1998	133759675
9	11	1999	133759676
9	11	2000	133759677
9	11	2001	133759678
9	11	2002	133759679
9	11	2003	133759680
9	11	2004	133759681
9	11	2005	133759682
9	11	2006	133759683
9	11	2007	133759684
9	11	2008	133759685
9	11	2009	133759686
9	11	2010	133759687
9	11	2011	133759688
9	11	2012	133759689
9	11	2013	133759690
9	11	2014	133759691
9	11	2015	133759692
9	11	2016	133759693
9	11	2017	133759694
9	11	2018	133759695
9	11	2019	133759696
9	11	2020	133759697
9	11	2021	133759698
9	11	2022	133759699
9	11	2023	133759700
9	11	2024	133759701
9	11	2025	133759702
9	11	2026	133759703
9	11	2027	133759704
9	11	2028	133759705
9	11	2029	133759706
9	11	2030	133759707
9	11	2031	133759708
9	11	2032	133759709
9	11	2033	133759710
9	11	2034	133759711
9	11	2035	133759712
9	11	2036	133759713
9	11	2037	133759714
9	11	2038	133759715
9	11	2039	133759716
9	11	2040	133759717
9	11	2041	133759718
9	11	2042	133759719
9	11	2043	133759720
9	11	2044	133759721
9	11	2045	133759722
9	11	2046	133759723
9	11	2047	133759724
9	11	2048	133759725
9	11	2049	133759726
9	11	2050	133759727
9	11	2051	133759728
9	11	2052	133759729
9	11	2053	133759730
9	11	2054	133759731
9	11	2055	133759732
9	11	2056	133759733
9	11	2057	133759734
9	11	2058	133759735
9	11	2059	133759736
9	11	2060	133759737
9	11	2061	133759738
9	11	2062	133759739
9	11	2063	133759740
9	11	2064	133759741
9	11	2065	133759742
9	11	2066	133759743
9	11	2067	133759744
9	11	2068	133759745
9	11	2069	133759746
9	11	2070	133759747
9	11	2071	133759748
9	11	2072	133759749
9	11	2073	133759750
9	11	2074	133759751
9	11	2075	133759752
9	11	2076	133759753
9	11	2077	133759754
9	11	2078	133759755
9	11	2079	133759756
9	11	2080	133759757
9	11	2081	133759758
9	11	2082	133759759
9	11	2083	133759760
9	11	2084	133759761
9	11	2085	133759762
9	11	2086	133759763
9	11	2087	133759764
9	11	2088	133759765
9	11	2089	133759766
9	11	2090	133759767
9	11	2091	133759768
9	11	2092	133759769
9	11	2093	133759770
9	11	2094	133759771
9	11	2095	133759772
9	11	2096	133759773
9	11	2097	133759774
9	11	2098	133759775
9	11	2099	133759776
9	11	2100	133759777
9	11	2101	133759778
9	11	2102	133759779
9	11	2103	133759780
9	11	2104	133759781
9	11	2105	133759782
9	11	2106	133759783
9	11	2107	133759784
9	11	2108	133759785
9	11	2109	133759786
9	11	2110	133759787
9	11	2111	133759788
9	11	2112	133759789
9	11	2113	133759790
9	11	2114	133759791
9	11	2115	133759792
9	11	2116	133759793
9	11	2117	133759794
9	11	2118	133759795
9	11	2119	133759796
9	11	2120	133759797
9	11	2121	133759798
9	11	2122	133759799
9	11	2123	133759800
9	11	2124	133759801
9	11	2125	133759802
9	11	2126	133759803
9	11	2127	133759804
9	11	2128	133759805
9	11	2129	133759806
9	11	2130	133759807
9	11	2131	133759808
9	11	2132	133759809
9	11	2133	133759810
9	11	2134	133759811
9	11	2135	133759812
9	11	2136	133759813
9	11	2137	133759814
9	11	2138	133759815
9	11	2139	133759816
9	11	2140	133759817
9	11	2141	133759818
9	11	2142	133759819
9	11	2143	133759820
9	11	2144	133759821
9	11	2145	133759822
9	11	2146	133759823
9	11	2147	133759824
9	11	2148	133759825
9	11	2149	133759826
9	11	2150	133759827
9	11	2151	133759828
9	11	2152	133759829
9	11	2153	133759830
9	11	2154	133759831
9	11	2155	133759832
9	11	2156	133759833
9	11	2157	133759834
9	11	2158	133759835
9	11	2159	133759836
9	11	2160	133759837
9	11	2161	133759838
9	11	2162	133759839
9	11	2163	133759840
9	11	2164	133759841
9	11	2165	133759842
9	11	2166	133759843
9	11	2167	133759844
9	11	2168	133759845
9	11	2169	133759846
9	11	2170	133759847
9	11	2171	133759848
9	11	2172	133759849
9	11	2173	133759850
9	11	2174	133759851
9	11	2175	133759852
9	11	2176	133759853
9	11	2177	133759854
9	11	2178	133759855
9	11	2179	133759856
9	11	2180	133759857
9	11	2181	133759858
9	11	2182	133759859
9	11	2183	133759860
9	11	2184	133759861
9	11	2185	133759862
9	11	2186	133759863
9	11	2187	133759864
9	11	2188	133759865
9	11	2189	133759866
9	11	2190	133759867
9	11	2191	133759868
9	11	2192	133759869
9	11	2193	133759870
9	11	2194	133759871
9	11	2195	133759872
9	11	2196	133759873
9	11	2197	133759874
9	11	2198	133759875
9	11	2199	133759876
9	11	2200	133759877
9	11	2201	133759878
9	11	2202	133759879
9	11	2203	133759880
9	11	2204	133759881
9	11	2205	133759882
9	11	2206	133759883
9	11	2207	133759884
9	11	2208	133759885
9	11	2209	133759886
9	11	2210	133759887
9	11	2211	133759888
9	11	2212	133759889
9	11	2213	133759890
9	11	2214	133759891
9	11	2215	133759892
9	11	2216	133759893
9	11	2217	133759894
9	11	2218	133759895
9	11	2219	133759896
9	11	2220	133759897
9	11	2221	133759898
9	11	2222	133759899
9	11	2223	133759900
9	11	2224	133759901
9	11	2225	133759902
9	11	2226	133759903
9	11	2227	133759904
9	11	2228	133759905
9	11	2229	133759906
9	11	2230	133759907
9	11	2231	133759908
9	11	2232	133759909
9	11	2233	133759910
9	11	2234	133759911
9	11	2235	133759912
9	11	2236	133759913
9	11	2237	133759914
9	11	2238	133759915
9	11	2239	133759916
9	11	2240	133759917
9	11	2241	133759918
9	11	2242	133759919
9	11	2243	133759920
9	11	2244	133759921
9	11	2245	133759922
9	11	2246	133759923
9	11	2247	133759924
9	11	2248	133759925
9	11	2249	133759926
9	11	2250	133759927
9	11	2251	133759928
9	11	2252	133759929
9	11	2253	133759930
9	11	2254	133759931
9	11	2255	133759932
9	11	2256	133759933
9	11	2257	133759934
9	11	2258	133759935
9	11	2259	133759936
9	11	2260	133759937
9	11	2261	133759938
9	11	2262	133759939
9	11	2263	133759940
9	11	2264	133759941
9	11	2265	133759942
9	11	2266	133759943
9	11	2267	133759944
9	11	2268	133759945
9	11	2269	133759946
9	11	2270	133759947
9	11	2271	133759948
9	11	2272	133759949
9	11	2273	133759950
9	11	2274	133759951
9	11	2275	133759952
9	11	2276	133759953
9	11	2277	133759954
9	11	2278	133759955
9	11	2279	133759956
9	11	2280	133759957
9	11	2281	133759958
9	11	2282	133759959
9	11	2283	133759960
9	11	2284	133759961
9	11	2285	133759962
9	11	2286	133759963
9	11	2287	133759964
9	11	2288	133759965
9	11	2289	133759966
9	11	2290	133759967
9	11	2291	133759968
9	11	2292	133759969
9	11	2293	133759970
9	11	2294	133759971
9	11	2295	133759972
9	11	2296	133759973
9	11	2297	133759974
9	11	2298	133759975
9	11	2299	133759976
9	11	2300	133759977
9	11	2301	133759978
9	11	2302	133759979
9	11	2303	133759980
9	11	2304	133759981
9	11	2305	133759982
9	11	2306	133759983
9	11	2307	133759984
9	11	2308	133759985
9	11	2309	133759986
9	11	2310	133759987
9	11	2311	133759988
9	11	2312	133759989
9	11	2313	133759990
9	11	2314	133759991
9	11	2315	133759992
9	11	2316	133759993
9	11	2317	133759994
9	11	2318	133759995
9	11	2319	133759996
9	11	2320	133759997
9	11	2321	133759998
9	11	2322	133759999
9	11	2323	133760000
9	11	2324	133760001
9	11	2325	133760002
9	11	2326	133760003
9	11	2327	133760004
9	11	2328	133760005
9	11	2329	133760006
9	11	2330	133760007
9	11	2331	133760008
9	11	2332	133760009
9	11	2333	133760010
9	11	2334	133760011
9	11	2335	133760012
9	11	2336	133760013
9	11	2337	133760014
9	11	2338	133760015
9	11	2339	133760016
9	11	2340	133760017
9	11	2341	133760018
9	11	2342	133760019
9	11	2343	133760020
9	11	2344	133760021
9	11	2345	133760022
9	11	2346	133760023
9	11	2347	133760024
9	11	2348	133760025
9	11	2349	133760026
9	11	2350	133760027
9	11	2351	133760028
9	11	2352	133760029
9	11	2353	133760030
9	11	2354	133760031
9	11	2355	133760032
9	11	2356	133760033
9	11	2357	133760034
9	11	2358	133760035
9	11	2359	133760036
9	11	2360	133760037
9	11	2361	133760038
9	11	2362	133760039
9	11	2363	133760040
9	11	2364	133760041
9	11	2365	133760042
9	11	2366	133760043
9	11	2367	133760044
9	11	2368	133760045
9	11	2369	133760046
9	11	2370	133760047
9	11	2371	133760048
9	11	2372	133760049
9	11	2373	133760050
9	11	2374	133760051
9	11	2375	133760052
9	11	2376	133760053
9	11	2377	133760054
9	11	2378	133760055
9	11	2379	133760056
9	11	2380	133760057
9	11	2381	133760058
9	11	2382	133760059
9	11	2383	133760060
9	11	2384	133760061
9	11	2385	133760062
9	11	2386	133760063
9	11	2387	133760064
9	11	2388	133760065
9	11	2389	133760066
9	11	2390	133760067
9	11	2391	133760068
9	11	2392	133760069
9	11	2393	133760070
9	11	2394	133760071
9	11	2395	133760072
9	11	2396	133760073
9	11	2397	133760074
9	11	2398	133760075
9	11	2399	133760076
9	11	2400	133760077
9	11	2401	133760078
9	11	2402	133760079
9	11	2403	133760080
9	11	2404	133760081
9	11	2405	133760082
9	11	2406	133760083
9	11	2407	133760084
9	11	2408	133760085
9	11	2409	133760086
9	11	2410	133760087
9	11	2411	133760088
9	11	2412	133760089
9	11	2413	133760090
9	11	2414	133760091
9	11	2415	133760092
9	11	2416	133760093
9	11	2417	133760094
9	11	2418	133760095
9	11	2419	133760096
9	11	2420	133760097
9	11	2421	133760098
9	11	2422	133760099
9	11	2423	133760100
9	11	2424	133760101
9	11	2425	133760102
9	11	2426	133760103
9	11	2427	133760104
9	11	2428	133760105
9	11	2429	133760106
9	11	2430	133760107
9	11	2431	133760108
9	11	2432	133760109
9	11	2433	133760110
9	11	2434	133760111
9	11	2435	133760112
9	11	2436	133760113
9	11	2437	133760114
9	11	2438	133760115
9	11	2439	133760116
9	11	2440	133760117
9	11	2441	133760118
9	11	2442	133760119
9	11	2443	133760120
9	11	2444	133760121
9	11	2445	133760122
9	11	2446	133760123
9	11	2447	133760124
9	11	2448	133760125
9	11	2449	133760126
9	11	2450	133760127
9	11	2451	133760128
9	11	2452	133760129
9	11	2453	133760130
9	11	2454	133760131
9	11	2455	133760132
9	11	2456	133760133
9	11	2457	133760134
9	11	2458	133760135
9	11	2459	133760136
9	11	2460	133760137
9	11	2461	133760138
9	11	2462	133760139
9	11	2463	133760140
9	11	2464	133760141
9	11	2465	133760142
9	11	2466	133760143
9	11	2467	133760144
9	11	2468	133760145
9	11	2469	133760146
9	11	2470	133760147
9	11	2471	133760148
9	11	2472	133760149
9	11	2473	133760150
9	11	2474	133760151
9	11	2475	133760152
9	11	2476	133760153
9	11	2477	133760154
9	11	2478	133760155
9	11	2479	133760156
9	11	2480	133760157
9	11	2481	133760158
9	11	2482	133760159
9	11	2483	133760160
9	11	2484	133760161
9	11	2485	133760162
9	11	2486	133760163
9	11	2487	133760164
9	11	2488	133760165
9	11	2489	133760166
9	11	2490	133760167
9	11	2491	133760168
9	11	2492	133760169
9	11	2493	133760170
9	11	2494	133760171
9	11	2495	133760172
9	11	2496	133760173
9	11	2497	133760174
9	11	2498	133760175
9	11	2499	133760176
9	11	2500	133760177
9	11	2501	133760178
9	11	2502	133760179
9	11	2503	133760180
9	11	2504	133760181
9	11	2505	133760182
9	11	2506	133760183
9	11	2507	133760184
9	11	2508	133760185
9	11	2509	133760186
9	11	2510	133760187
9	11	2511	133760188
9	11	2512	133760189
9	11	2513	133760190
9	11	2514	133760191
9	11	2515	133760192
9	11	2516	133760193
9	11	2517	133760194
9	11	2518	133760195
9	11	2519	133760196
9	11	2520	133760197
9	11	2521	133760198
9	11	2522	133760199
9	11	2523	133760200
9	11	2524	133760201
9	11	2525	133760202
9	11	2526	133760203
9	11	2527	133760204
9	11	2528	133760205
9	11	2529	133760206
9	11	2530	133760207
9	11	2531	133760208
9	11	2532	133760209
9	11	2533	133760210
9	11	2534	133760211
9	11	2535	133760212
9	11	2536	133760213
9	11	2537	133760214
9	11	2538	133760215
9	11	2539	133760216
9	11	2540	133760217
9	11	2541	133760218
9	11	2542	133760219
9	11	2543	133760220
9	11	2544	133760221
9	11	2545	133760222
9	11	2546	133760223
9	11	2547	133760224
9	11	2548	133760225
9	11	2549	133760226
9	11	2550	133760227
9	11	2551	133760228
9	11	2552	133760229
9	11	2553	133760230
9	11	2554	133760231
9	11	2555	133760232
9	11	2556	133760233
9	11	2557	133760234
9	11	2558	133760235
9	11	2559	133760236
9	11	2560	133760237
9	11	2561	133760238
9	11	2562	133760239
9	11	2563	133760240
9	11	2564	133760241
9	11	2565	133760242
9	11	2566	133760243
9	11	2567	133760244
9	11	2568	133760245
9	11	2569	133760246
9	11	2570	133760247
9	11	2571	133760248
9	11	2572	133760249
9	11	2573	133760250
9	11	2574	133760251
9	11	2575	133760252
9	11	2576	133760253
9	11	2577	133760254
9	11	2578	133760255
9	11	2579	133760256
9	11	2580	133760257
9	11	2581	133760258
9	11	2582	133760259
9	11	2583	133760260
9	11	2584	133760261
9	11	2585	133760262
9	11	2586	133760263
9	11	2587	133760264
9	11	2588	133760265
9	11	2589	133760266
9	11	2590	133760267
9	11	2591	133760268
9	11	2592	133760269
9	11	2593	133760270
9	11	2594	133760271
9	11	2595	133760272
9	11	2596	133760273
9	11	2597	133760274
9	11	2598	133760275
9	11	2599	133760276
9	11	2600	133760277
9	11	2601	133760278
9	11	2602	133760279
9	11	2603	133760280
9	11	2604	133760281
9	11	2605	133760282
9	11	2606	133760283
9	11	2607	133760284
9	11	2608	133760285
9	11	2609	133760286
9	11	2610	133760287
9	11	2611	133760288
9	11	2612	133760289
9	11	2613	133760290
9	11	2614	133760291
9	11	2615	133760292
9	11	2616	133760293
9	11	2617	133760294
9	11	2618	133760295
9	11	2619	133760296
9	11	2620	133760297
9	11	2621	133760298
9	11	2622	133760299
9	11	2623	133760300
9	11	2624	133760301
9	11	2625	133760302
9	11	2626	133760303
9	11	2627	133760304
9	11	2628	133760305
9	11	2629	133760306
9	11	2630	133760307
9	11	2631	133760308
9	11	2632	133760309
9	11	2633	133760310
9	11	2634	133760311
9	11	2635	133760312
9	11	2636	133760313
9	11	2637	133760314
9	11	2638	133760315
9	11	2639	133760316
9	11	2640	133760317
9	11	2641	133760318
9	11	2642	133760319
9	11	2643	133760320
9	11	2644	133760321
9	11	2645	133760322
9	11	2646	133760323
9	11	2647	133760324
9	11	2648	133760325
9	11	2649	133760326
9	11	2650	133760327
9	11	2651	133760328
9	11	2652	133760329
9	11	2653	133760330
9	11	2654	133760331
9	11	2655	133760332
9	11	2656	133760333
9	11	2657	133760334
9	11	2658	133760335
9	11	2659	133760336
9	11	2660	133760337
9	11	2661	133760338
9	11	2662	133760339
9	11	2663	133760340
9	11	2664	133760341
9	11	2665	133760342
9	11	2666	133760343
9	11	2667	133760344
9	11	2668	133760345
9	11	2669	133760346
9	11	2670	133760347
9	11	2671	133760348
9	11	2672	133760349
9	11	2673	133760350
9	11	2674	133760351
9	11	2675	133760352
9	11	2676	133760353
9	11	2677	133760354
9	11	2678	133760355
9	11	2679	133760356
9	11	2680	133760357
9	11	2681	133760358
9	11	2682	133760359
9	11	2683	133760360
9	11	2684	133760361
9	11	2685	133760362
9	11	2686	133760363
9	11	2687	133760364
9	11	2688	133760365
9	11	2689	133760366
9	11	2690	133760367
9	11	2691	133760368
9	11	2692	133760369
9	11	2693	133760370
9	11	2694	133760371
9	11	2695	133760372
9	11	2696	133760373
9	11	2697	133760374
9	11	2698	133760375
9	11	2699	133760376
9	11	2700	133760377
9	11	2701	133760378
9	11	2702	133760379
9	11	2703	133760380
9	11	2704	133760381
9	11	2705	133760382
9	11	2706	133760383
9	11	2707	133760384
9	11	2708	133760385
9	11	2709	133760386
9	11	2710	133760387
9	11	2711	133760388
9	11	2712	133760389
9	11	2713	133760390
9	11	2714	133760391
9	11	2715	133760392
9	11	2716	133760393
9	11	2717	133760394
9	11	2718	133760395
9	11	2719	133760396
9	11	2720	133760397
9	11	2721	133760398
9	11	2722	133760399
9	11	2723	133760400
9	11	2724	133760401
9	11	2725	133760402
9	11	2726	133760403
9	11	2727	133760404
9	11	2728	133760405
9	11	2729	133760406
9	11	2730	133760407
9	11	2731	133760408
9	11	2732	133760409
9	11	2733	133760410
9	11	2734	133760411
9	11	2735	133760412
9	11	2736	133760413
9	11	2737	133760414
9	11	2738	133760415
9	11	2739	133760416
9	11	2740	133760417
9	11	2741	133760418
9	11	2742	133760419
9	11	2743	133760420
9	11	2744	133760421
9	11	2745	133760422
9	11	2746	133760423
9	11	2747	133760424
9	11	2748	133760425
9	11	2749	133760426
9	11	2750	133760427
9	11	2751	133760428
9	11	2752	133760429
9	11	2753	133760430
9	11	2754	133760431
9	11	2755	133760432
9	11	2756	133760433
9	11	2757	133760434
9	11	2758	133760435
9	11	2759	133760436
9	11	2760	133760437
9	11	2761	133760438
9	11	2762	133760439
9	11	2763	133760440
9	11	2764	133760441
9	11	2765	133760442
9	11	2766	133760443
9	11	2767	133760444
9	11	2768	133760445
9	11	2769	133760446
9	11	2770	133760447
9	11	2771	133760448
9	11	2772	133760449
9	11	2773	133760450
9	11	2774	133760451
9	11	2775	133760452
9	11	2776	133760453
9	11	2777	133760454
9	11	2778	133760455
9	11	2779	133760456
9	11	2780	133760457
9	11	2781	133760458
9	11	2782	133760459
9	11	2783	133760460
9	11	2784	133760461
9	11	2785	133760462
9	11	2786	133760463
9	11	2787	133760464
9	11	2788	133760465
9	11	2789	133760466
9	11	2790	133760467
9	11	2791	133760468
9	11	2792	133760469
9	11	2793	133760470
9	11	2794	133760471
9	11	2795	133760472
9	11	2796	133760473
9	11	2797	133760474
9	11	2798	133760475
9	11	2799	133760476
9	11	2800	133760477
9	11	2801	133760478
9	11	2802	133760479
9	11	2803	133760480
9	11	2804	133760481
9	11	2805	133760482
9	11	2806	133760483
9	11	2807	133760484
9	11	2808	133760485
9	11	2809	133760486
9	11	2810	133760487
9	11	2811	133760488
9	11	2812	133760489
9	11	2813	133760490
9	11	2814	133760491
9	11	2815	133760492
9	11	2816	133760493
9	11	2817	133760494
9	11	2818	133760495
9	11	2819	133760496
9	11	2820	133760497
9	11	2821	133760498
9	11	2822	133760499
9	11	2823	133760500
9	11	2824	133760501
9	11	2825	133760502
9	11	2826	133760503
9	11	2827	133760504
9	11	2828	133760505
9	11	2829	133760506
9	11	2830	133760507
9	11	2831	133760508
9	11	2832	133760509
9	11	2833	133760510
9	11	2834	133760511
9	11	2835	133760512
9	11	2836	133760513
9	11	2837	133760514
9	11	2838	133760515
9	11	2839	133760516
9	11	2840	133760517
9	11	2841	133760518
9	11	2842	133760519
9	11	2843	133760520
9	11	2844	133760521
9	11	2845	133760522
9	11	2846	133760523
9	11	2847	133760524
9	11	2848	133760525
9	11	2849	133760526
9	11	2850	133760527
9	11	2851	133760528
9	11	2852	133760529
9	11	2853	133760530
9	11	2854	133760531
9	11	2855	133760532
9	11	2856	133760533
9	11	2857	133760534
9	11	2858	133760535
9	11	2859	133760536
9	11	2860	133760537
9	11	2861	133760538
9	11	2862	133760539
9	11	2863	133760540
9	11	2864	133760541
9	11	2865	133760542
9	11	2866	133760543
9	11	2867	133760544
9	11	2868	133760545
9	11	2869	133760546
9	11	2870	133760547
9	11	2871	133760548
9	11	2872	133760549
9	11	2873	133760550
9	11	2874	133760551
9	11	2875	133760552
9	11	2876	133760553
9	11	2877	133760554
9	11	2878	133760555
9	11	2879	133760556
9	11	2880	133760557
9	11	2881	133760558
9	11	2882	133760559
9	11	2883	133760560
9	11	2884	133760561
9	11	2885	133760562
9	11	2886	133760563
9	11	2887	133760564
9	11	2888	133760565
9	11	2889	133760566
9	11	2890	133760567
9	11	2891	133760568
9	11	2892	133760569
9	11	2893	133760570
9	11	2894	133760571
9	11	2895	133760572
9	11	2896	133760573
9	11	2897	133760574
9	11	2898	133760575
9	11	2899	133760576
9	11	2900	133760577
9	11	2901	133760578
9	11	2902	133760579
9	11	2903	133760580
9	11	2904	133760581
9	11	2905	133760582
9	11	2906	133760583
9	11	2907	133760584
9	11	2908	133760585
9	11	2909	133760586
9	11	2910	133760587
9	11	2911	133760588
9	11	2912	133760589
9	11	2913	133760590
9	11	2914	133760591
9	11	2915	133760592
9	11	2916	133760593
9	11	2917	133760594
9	11	2918	133760595
9	11	2919	133760596
9	11	2920	133760597
9	11	2921	133760598
9	11	2922	133760599
9	11	2923	133760600
9	11	2924	133760601
9	11	2925	133760602
9	11	2926	133760603
9	11	2927	133760604
9	11	2928	133760605
9	11	2929	133760606
9	11	2930	133760607
9	11	2931	133760608
9	11	2932	133760609
9	11	2933	133760610
9	11	2934	133760611
9	11	2935	133760612
9	11	2936	133760613
9	11	2937	133760614
9	11	2938	133760615
9	11	2939	133760616
9	11	2940	133760617
9	11	2941	133760618
9	11	2942	133760619
9	11	2943	133760620
9	11	2944	133760621
9	11	2945	133760622
9	11	2946	133760623
9	11	2947	133760624
9	11	2948	133760625
9	11	2949	133760626
9	11	2950	133760627
9	11	2951	133760628
9	11	2952	133760629
9	11	2953	133760630
9	11	2954	133760631
9	11	2955	133760632
9	11	2956	133760633
9	11	2957	133760634
9	11	2958	133760635
9	11	2959	133760636
9	11	2960	133760637
9	11	2961	133760638
9	11	2962	133760639
9	11	2963	133760640
9	11	2964	133760641
9	11	2965	133760642
9	11	2966	133760643
9	11	2967	133760644
9	11	2968	133760645
9	11	2969	133760646
9	11	2970	133760647
9	11	2971	133760648
9	11	2972	133760649
9	11	2973	133760650
9	11	2974	133760651
9	11	2975	133760652
9	11	2976	133760653
9	11	2977	133760654
9	11	2978	133760655
9	11	2979	133760656
9	11	2980	133760657
9	11	2981	133760658
9	11	2982	133760659
9	11	2983	133760660
9	11	2984	133760661
9	11	2985	133760662
9	11	2986	133760663
9	11	2987	133760664
9	11	2988	133760665
9	11	2989	133760666
9	11	2990	133760667
9	11	2991	133760668
9	11	2992	133760669
9	11	2993	133760670
9	11	2994	133760671
9	11	2995	133760672
9	11	2996	133760673
9	11	2997	133760674
9	11	2998	133760675
9	11	2999	133760676
9	11	3000	133760677
9	11	3001	133760678
9	11	3002	133760679
9	11	3003	133760680
9	11	3004	133760681
9	11	3005	133760682
9	11	3006	133760683
9	11	3007	133760684
9	11	3008	133760685
9	11	3009	133760686
9	11	3010	133760687
9	11	3011	133760688
9	11	3012	133760689
9	11	3013	133760690
9	11	3014	133760691
9	11	3015	133760692
9	11	3016	133760693
9	11	3017	133760694
9	11	3018	133760695
9	11	3019	133760696
9	11	3020	133760697
9	11	3021	133760698
9	11	3022	133760699
9	11	3023	133760700
9	11	3024	133760701
9	11	3025	133760702
9	11	3026	133760703
9	11	3027	133760704
9	11	3028	133760705
9	11	3029	133760706
9	11	3030	133760707
9	11	3031	133760708
9	11	3032	133760709
9	11	3033	133760710
9	11	3034	133760711
9	11	3035	133760712
9	11	3036	133760713
9	11	3037	133760714
9	11	3038	133760715
9	11	3039	133760716
9	11	3040	133760717
9	11	3041	133760718
9	11	3042	133760719
9	11	3043	133760720
9	11	3044	133760721
9	11	3045	133760722
9	11	3046	133760723
9	11	3047	133760724
9	11	3048	133760725
9	11	3049	133760726
9	11	3050	133760727
9	11	3051	133760728
9	11	3052	133760729
9	11	3053	133760730
9	11	3054	133760731
9	11	3055	133760732
9	11	3056	133760733
9	11	3057	133760734
9	11	3058	133760735
9	11	3059	133760736
9	11	3060	133760737
9	11	3061	133760738
9	11	3062	133760739
9	11	3063	133760740
9	11	3064	133760741
9	11	3065	133760742
9	11	3066	133760743
9	11	3067	133760744
9	11	3068	133760745
9	11	3069	133760746
9	11	3070	133760747
9	11	3071	133760748
9	11	3072	133760749
9	11	3073	133760750
9	11	3074	133760751
9	11	3075	133760752
9	11	3076	133760753
9	11	3077	133760754
9	11	3078	133760755
9	11	3079	133760756
9	11	3080	133760757
9	11	3081	133760758
9	11	3082	133760759
9	11	3083	133760760
9	11	3084	133760761
9	11	3085	133760762
9	11	3086	133760763
9	11	3087	133760764
9	11	3088	133760765
9	11	3089	133760766
9	11	3090	133760767
9	11	3091	133760768
9	11	3092	133760769
9	11	3093	133760770
9	11	3094	133760771
9	11	3095	133760772
9	11	3096	133760773
9	11	3097	133760774
9	11	3098	133760775
9	11	3099	133760776
9	11	3100	133760777
9	11	3101	133760778
9	11	3102	133760779
9	11	3103	133760780
9	11	3104	133760781
9	11	3105	133760782
9	11	3106	133760783
9	11	3107	133760784
9	11	3108	133760785
9	11	3109	133760786
9	11	3110	133760787
9	11	3111	133760788
9	11	3112	133760789
9	11	3113	133760790
9	11	3114	133760791
9	11	3115	133760792
9	11	3116	133760793
9	11	3117	133760794
9	11	3118	133760795
9	11	3119	133760796
9	11	3120	133760797
9	11	3121	133760798
9	11	3122	133760799
9	11	3123	133760800
9	11	3124	133760801
9	11	3125	133760802
9	11	3126	133760803
9	11	3127	133760804
9	11	3128	133760805
9	11	3129	133760806
9	11	3130	133760807
9	11	3131	133760808
9	11	3132	133760809
9	11	3133	133760810
9	11	3134	133760811
9	11	3135	133760812
9	11	3136	133760813
9	11	3137	133760814
9	11	3138	133760815
9	11	3139	133760816
9	11	3140	133760817
9	11	3141	133760818
9	11	3142	133760819
9	11	3143	133760820
9	11	3144	133760821
9	11	3145	133760822
9	11	3146	133760823
9	11	3147	133760824
9	11	3148	133760825
9	11	3149	133760826
9	11	3150	133760827
9	11	3151	133760828
9	11	3152	133760829
9	11	3153	133760830
9	11	3154	133760831
9	11	3155	133760832
9	11	3156	133760833
9	11	3157	133760834
9	11	3158	133760835
9	11	3159	133760836
9	11	3160	133760837
9	11	3161	133760838
9	11	3162	133760839
9	11	3163	133760840
9	11	3164	133760841
9	11	3165	133760842
9	11	3166	133760843
9	11	3167	133760844
9	11	3168	133760845
9	11	3169	133760846
9	11	3170	133760847
9	11	3171	133760848
9	11	3172	133760849
9	11	3173	133760850
9	11	3174	133760851
9	11	3175	133760852
9	11	3176	133760853
9	11	3177	133760854
9	11	3178	133760855
9	11	3179	133760856
9	11	3180	133760857
9	11	3181	133760858
9	11	3182	133760859
9	11	3183	133760860
9	11	3184	133760861
9	11	3185	133760862
9	11	3186	133760863
9	11	3187	133760864
9	11	3188	133760865
9	11	3189	133760866
9	11	3190	133760867
9	11	3191	133760868
9	11	3192	133760869
9	11	3193	133760870
9	11	3194	133760871
9	11	3195	133760872
9	11	3196	133760873
9	11	3197	133760874
9	11	3198	133760875
9	11	3199	133760876
9	11	3200	133760877
9	11	3201	133760878
9	11	3202	133760879
9	11	3203	133760880
9	11	3204	133760881
9	11	3205	133760882
9	11	3206	133760883
9	11	3207	133760884
9	11	3208	133760885
9	11	3209	133760886
9	11	3210	133760887
9	11	3211	133760888
9	11	3212	133760889
9	11	3213	133760890
9	11	3214	133760891
9	11	3215	133760892
9	11	3216	133760893
9	11	3217	133760894
9	11	3218	133760895
9	11	3219	133760896
9	11	3220	133760897
9	11	3221	133760898
9	11	3222	133760899
9	11	3223	133760900
9	11	3224	133760901
9	11	3225	133760902
9	11	3226	133760903
9	11	3227	133760904
9	11	3228	133760905
9	11	3229	133760906
9	11	3230	133760907
9	11	3231	133760908
9	11	3232	133760909
9	11	3233	133760910
9	11	3234	133760911
9	11	3235	133760912
9	11	3236	133760913
9	11	3237	133760914
9	11	3238	133760915
9	11	3239	133760916
9	11	3240	133760917
9	11	3241	133760918
9	11	3242	133760919
9	11	3243	133760920
9	11	3244	133760921
9	11	3245	133760922
9	11	3246	133760923
9	11	3247	133760924
9	11	3248	133760925
9	11	3249	133760926
9	11	3250	133760927
9	11	3251	133760928
9	11	3252	133760929
9	11	3253	133760930
9	11	3254	133760931
9	11	3255	133760932
9	11	3256	133760933
9	11	3257	133760934
9	11	3258	133760935
9	11	3259	133760936
9	11	3260	133760937
9	11	3261	133760938
9	11	3262	133760939
9	11	3263	133760940
9	11	3264	133760941
9	11	3265	133760942
9	11	3266	133760943
9	11	3267	133760944
9	11	3268	133760945
9	11	3269	133760946
9	11	3270	133760947
9	11	3271	133760948
9	11	3272	133760949
9	11	3273	133760950
9	11	3274	133760951
9	11	3275	133760952
9	11	3276	133760953
9	11	3277	133760954
9	11	3278	133760955
9	11	3279	133760956
9	11	3280	133760957
9	11	3281	133760958
9	11	3282	133760959
9	11	3283	133760960
9	11	3284	133760961
9	11	3285	133760962
9	11	3286	133760963
9	11	3287	133760964
9	11	3288	133760965
9	11	3289	133760966
9	11	3290	133760967
9	11	3291	133760968
9	11	3292	133760969
9	11	3293	133760970
9	11	3294	133760971
9	11	3295	133760972
9	11	3296	133760973
9	11	3297	133760974
9	11	3298	133760975
9	11	3299	133760976
9	11	3300	133760977
9	11	3301	133760978
9	11	3302	133760979
9	11	3303	133760980
9	11	3304	133760981
9	11	3305	133760982
9	11	3306	133760983
9	11	3307	133760984
9	11	3308	133760985
9	11	3309	133760986
9	11	3310	133760987
9	11	3311	133760988
9	11	3312	133760989
9	11	3313	133760990
9	11	3314	133760991
9	11	3315	133760992
9	11	3316	133760993
9	11	3317	133760994
9	11	3318	133760995
9	11	3319	133760996
9	11	3320	133760997
9	11	3321	133760998
9	11	3322	133760999
9	11	3323	133761000
9	11	3324	133761001
9	11	3325	133761002
9	11	3326	133761003
9	11	3327	133761004
9	11	3328	133761005
9	11	3329	133761006
9	11	3330	133761007
9	11	3331	133761008
9	11	3332	133761009
9	11	3333	133761010
9	11	3334	133761011
9	11	3335	133761012
9	11	3336	133761013
9	11	3337	133761014
9	11	3338	133761015
9	11	3339	133761016
9	11	3340	133761017
9	11	3341	133761018
9	11	3342	133761019
9	11	3343	133761020
9	11	3344	133761021
9	11	3345	133761022
9	11	3346	133761023
9	11	3347	133761024
9	11	3348	133761025
9	11	3349	133761026
9	11	3350	133761027
9	11	3351	133761028
9	11	3352	133761029
9	11	3353	133761030
9	11	3354	133761031
9	11	3355	133761032
9	11	3356	133761033
9	11	3357	133761034
9	11	3358	133761035
9	11	3359	133761036
9	11	3360	133761037
9	11	3361	133761038
9	11	3362	133761039
9	11	3363	133761040
9	11	3364	133761041
9	11	3365	133761042
9	11	3366	133761043
9	11	3367	133761044
9	11	3368	133761045
9	11	3369	133761046
9	11	3370	133761047
9	11	3371	133761048
9	11	3372	133761049
9	11	3373	133761050
9	11	3374	133761051
9	11	3375	133761052
9	11	3376	133761053
9	11	3377	133761054
9	11	3378	133761055
9	11	3379	133761056
9	11	3380	133761057
9	11	3381	133761058
9	11	3382	133761059
9	11	3383	133761060
9	11	3384	133761061
9	11	3385	133761062
9	11	3386	133761063
9	11	3387	133761064
9	11	3388	133761065
9	11	3389	133761066
9	11	3390	133761067
9	11	3391	133761068
9	11	3392	133761069
9	11	3393	133761070
9	11	3394	133761071
9	11	3395	133761072
9	11	3396	133761073
9	11	3397	133761074
9	11	3398	133761075
9	11	3399	133761076
9	11	3400	133761077
9	11	3401	133761078
9	11	3402	133761079
9	11	3403	133761080
9	11	3404	133761081
9	11	3405	133761082
9	11	3406	133761083
9	11	3407	133761084
9	11	3408	133761085
9	11	3409	133761086
9	11	3410	133761087
9	11	3411	133761088
9	11	3412	133761089
9	11	3413	133761090
9	11	3414	133761091
9	11	3415	133761092
9	11	3416	133761093
9	11	3417	133761094
9	11	3418	133761095
9	11	3419	133761096
9	11	3420	133761097
9	11	3421	133761098
9	11	3422	133761099
9	11	3423	133761100
9	11	3424	133761101
9	11	3425	133761102
9	11	3426	133761103
9	11	3427	133761104
9	11	3428	133761105
9	11	3429	133761106
9	11	3430	133761107
9	11	3431	133761108
9	11	3432	133761109
9	11	3433	133761110
9	11	3434	133761111
9	11	3435	133761112
9	11	3436	133761113
9	11	3437	133761114
9	11	3438	133761115
9	11	3439	133761116
9	11	3440	133761117
9	11	3441	133761118
9	11	3442	133761119
9	11	3443	133761120
9	11	3444	133761121
9	11	3445	133761122
9	11	3446	133761123
9	11	3447	133761124
9	11	3448	133761125
9	11	3449	133761126
9	11	3450	133761127
9	11	3451	133761128
9	11	3452	133761129
9	11	3453	133761130
9	11	3454	133761131
9	11	3455	133761132
9	11	3456	133761133
9	11	3457	133761134
9	11	3458	133761135
9	11	3459	133761136
9	11	3460	133761137
9	11	3461	133761138
9	11	3462	133761139
9	11	3463	133761140
9	11	3464	133761141
9	11	3465	133761142
9	11	3466	133761143
9	11	3467	133761144
9	11	3468	133761145
9	11	3469	133761146
9	11	3470	133761147
9	11	3471	133761148
9	11	3472	133761149
9	11	3473	133761150
9	11	3474	133761151
9	11	3475	133761152
9	11	3476	133761153
9	11	3477	133761154
9	11	3478	133761155
9	11	3479	133761156
9	11	3480	133761157
9	11	3481	133761158
9	11	3482	133761159
9	11	3483	133761160
9	11	3484	133761161
9	11	3485	133761162
9	11	3486	133761163
9	11	3487	133761164
9	11	3488	133761165
9	11	3489	133761166
9	11	3490	133761167
9	11	3491	133761168
9	11	3492	133761169
9	11	3493	133761170
9	11	3494	133761171
9	11	3495	133761172
9	11	3496	133761173
9	11	3497	133761174
9	11	3498	133761175
9	11	3499	133761176
9	11	3500	133761177
9	11	3501	133761178
9	11	3502	133761179
9	11	3503	133761180
9	11	3504	133761181
9	11	3505	133761182
9	11	3506	133761183
9	11	3507	133761184
9	11	3508	133761185
9	11	3509	133761186
9	11	3510	133761187
9	11	3511	133761188
9	11	3512	133761189
9	11	3513	133761190
9	11	3514	133761191
9	11	3515	133761192
9	11	3516	133761193
9	11	3517	133761194
9	11	3518	133761195
9	11	3519	133761196
9	11	3520	133761197
9	11	3521	133761198
9	11	3522	133761199
9	11	3523	133761200
9	11	3524	133761201
9	11	3525	133761202
9	11	3526	133761203
9	11	3527	133761204
9	11	3528	133761205
9	11	3529	133761206
9	11	3530	133761207
9	11	3531	133761208
9	11	3532	133761209
9	11	3533	133761210
9	11	3534	133761211
9	11	3535	133761212
9	11	3536	133761213
9	11	3537	133761214
9	11	3538	133761215
9	11	3539	133761216
9	11	3540	133761217
9	11	3541	133761218
9	11	3542	133761219
9	11	3543	133761220
9	11	3544	133761221
9	11	3545	133761222
9	11	3546	133761223
9	11	3547	133761224
9	11	3548	133761225
9	11	3549	133761226
9	11	3550	133761227
9	11	3551	133761228
9	11	3552	133761229
9	11	3553	133761230
9	11	3554	133761231
9	11	3555	133761232
9	11	3556	133761233
9	11	3557	133761234
9	11	3558	133761235
9	11	3559	133761236
9	11	3560	133761237
9	11	3561	133761238
9	11	3562	133761239
9	11	3563	133761240
9	11	3564	133761241
9	11	3565	133761242
9	11	3566	133761243
9	11	3567	133761244
9	11	3568	133761245
9	11	3569	133761246
9	11	3570	133761247
9	11	3571	133761248
9	11	3572	133761249
9	11	3573	133761250
9	11	3574	133761251
9	11	3575	133761252
9	11	3576	133761253
9	11	3577	133761254
9	11	3578	133761255
9	11	3579	133761256
9	11	3580	133761257
9	11	3581	133761258
9	11	3582	133761259
9	11	3583	133761260
9	11	3584	133761261
9	11	3585	133761262
9	11	3586	133761263
9	11	3587	133761264
9	11	3588	133761265
9	11	3589	133761266
9	11	3590	133761267
9	11	3591	133761268
9	11	3592	133761269
9	11	3593	133761270
9	11	3594	133761271
9	11	3595	133761272
9	11	3596	133761273
9	11	3597	133761274
9	11	3598	133761275
9	11	3599	133761276
9	11	3600	133761277
9	11	3601	133761278
9	11	3602	133761279
9	11	3603	133761280
9	11	3604	133761281
9	11	3605	133761282
9	11	3606	133761283
9	11	3607	133761284
9	11	3608	133761285
9	11	3609	133761286
9	11	3610	133761287
9	11	3611	133761288
9	11	3612	133761289
9	11	3613	133761290
9	11	3614	133761291
9	11	3615	133761292
9	11	3616	133761293
9	11	3617	133761294
9	11	3618	133761295
9	11	3619	133761296
9	11	3620	133761297
9	11	3621	133761298
9	11	3622	133761299
9	11	3623	133761300
9	11	3624	133761301
9	11	3625	133761302
9	11	3626	133761303
9	11	3627	133761304
9	11	3628	133761305
9	11	3629	133761306
9	11	3630	133761307
9	11	3631	133761308
9	11	3632	133761309
9	11	3633	133761310
9	11	3634	133761311
9	11	3635	133761312
9	11	3636	133761313
9	11	3637	133761314
9	11	3638	133761315
9	11	3639	133761316
9	11	3640	133761317
9	11	3641	133761318
9	11	3642	133761319
9	11	3643	133761320
9	11	3644	133761321
9	11	3645	133761322
9	11	3646	133761323
9	11	3647	133761324
9	11	3648	133761325
9	11	3649	133761326
9	11	3650	133761327
9	11	3651	133761328
9	11	3652	133761329
9	11	3653	133761330
9	11	3654	133761331
9	11	3655	133761332
9	11	3656	133761333
9	11	3657	133761334
9	11	3658	133761335
9	11	3659	133761336
9	11	3660	133761337
9	11	3661	133761338
9	11	3662	133761339
9	11	3663	133761340
9	11	3664	133761341
9	11	3665	133761342
9	11	3666	133761343
9	11	3667	133761344
9	11	3668	133761345
9	11	3669	133761346
9	11	3670	133761347
9	11	3671	133761348
9	11	3672	133761349
9	11	3673	133761350
9	11	3674	133761351
9	11	3675	133761352
9	11	3676	133761353
9	11	3677	133761354
9	11	3678	133761355
9	11	3679	133761356
9	11	3680	133761357
9	11	3681	133761358
9	11	3682	133761359
9	11	3683	133761360
9	11	3684	133761361
9	11	3685	133761362
9	11	3686	133761363
9	11	3687	133761364
9	11	3688	133761365
9	11	3689	133761366
9	11	3690	133761367
9	11	3691	133761368
9	11	3692	133761369
9	11	3693	133761370
9	11	3694	133761371
9	11	3695	133761372
9	11	3696	133761373
9	11	3697	133761374
9	11	3698	133761375
9	11	3699	133761376
9	11	3700	133761377
9	11	3701	133761378
9	11	3702	133761379
9	11	3703	133761380
9	11	3704	133761381
9	11	3705	133761382
9	11	3706	133761383
9	11	3707	133761384
9	11	3708	133761385
9	11	3709	133761386
9	11	3710	133761387
9	11	3711	133761388
9	11	3712	133761389
9	11	3713	133761390
9	11	3714	133761391
9	11	3715	133761392
9	11	3716	133761393
9	11	3717	133761394
9	11	3718	133761395
9	11	3719	133761396
9	11	3720	133761397
9	11	3721	133761398
9	11	3722	133761399
9	11	3723	133761400
9	11	3724	133761401
9	11	3725	133761402
9	11	3726	133761403
9	11	3727	133761404
9	11	3728	133761405
9	11	3729	133761406
9	11	3730	133761407
9	11	3731	133761408
9	11	3732	133761409
9	11	3733	133761410
9	11	3734	133761411
9	11	3735	133761412
9	11	3736	133761413
9	11	3737	133761414
9	11	3738	133761415
9	11	3739	133761416
9	11	3740	133761417
9	11	3741	133761418
9	11	3742	133761419
9	11	3743	133761420
9	11	3744	133761421
9	11	3745	133761422
9	11	3746	133761423
9	11	3747	133761424
9	11	3748	133761425
9	11	3749	133761426
9	11	3750	133761427
9	11	3751	133761428
9	11	3752	133761429
9	11	3753	133761430
9	11	3754	133761431
9	11	3755	133761432
9	11	3756	133761433
9	11	3757	133761434
9	11	3758	133761435
9	11	3759	133761436
9	11	3760	133761437
9	11	3761	133761438
9	11	3762	133761439
9	11	3763	133761440
9	11	3764	133761441
9	11	3765	133761442
9	11	3766	133761443
9	11	3767	133761444
9	11	3768	133761445
9	11	3769	133761446
9	11	3770	133761447
9	11	3771	133761448
9	11	3772	133761449
9	11	3773	133761450
9	11	3774	133761451
9	11	3775	133761452
9	11	3776	133761453
9	11	3777	133761454
9	11	3778	133761455
9	11	3779	133761456
9	11	3780	133761457
9	11	3781	133761458
9	11	3782	133761459
9	11	3783	133761460
9	11	3784	133761461
9	11	3785	133761462
9	11	3786	133761463
9	11	3787	133761464
9	11	3788	133761465
9	11	3789	133761466
9	11	3790	133761467
9	11	3791	133761468
9	11	3792	133761469
9	11	3793	133761470
9	11	3794	133761471
9	11	3795	133761472
9	11	3796	133761473
9	11	3797	133761474
9	11	3798	133761475
9	11	3799	133761476
9	11	3800	133761477
9	11	3801	133761478
9	11	3802	133761479
9	11	3803	133761480
9	11	3804	133761481
9	11	3805	133761482
9	11	3806	133761483
9	11	3807	133761484
9	11	3808	133761485
9	11	3809	133761486
9	11	3810	133761487
9	11	3811	133761488
9	11	3812	133761489
9	11	3813	133761490
9	11	3814	133761491
9	11	3815	133761492
9	11	3816	133761493
9	11	3817	133761494
9	11	3818	133761495
9	11	3819	133761496
9	11	3820	133761497
9	11	3821	133761498
9	11	3822	133761499
9	11	3823	133761500
9	11	3824	133761501
9	11	3825	133761502
9	11	3826	133761503
9	11	3827	133761504
9	11	3828	133761505
9	11	3829	133761506
9	11	3830	133761507
9	11	3831	133761508
9	11	3832	133761509
9	11	3833	133761510
9	11	3834	133761511
9	11	3835	133761512
9	11	3836	133761513
9	11	3837	133761514
9	11	3838	133761515
9	11	3839	133761516
9	11	3840	133761517
9	11	3841	133761518
9	11	3842	133761519
9	11	3843	133761520
9	11	3844	133761521
9	11	3845	133761522
9	11	3846	133761523
9	11	3847	133761524
9	11	3848	133761525
9	11	3849	133761526
9	11	3850	133761527
9	11	3851	133761528
9	11	3852	133761529
9	11	3853	133761530
9	11	3854	133761531
9	11	3855	133761532
9	11	3856	133761533
9	11	3857	133761534
9	11	3858	133761535
9	11	3859	133761536
9	11	3860	133761537
9	11	3861	133761538
9	11	3862	133761539
9	11	3863	133761540
9	11	3864	133761541
9	11	3865	133761542
9	11	3866	133761543
9	11	3867	133761544
9	11	3868	133761545
9	11	3869	133761546
9	11	3870	133761547
9	11	3871	133761548
9	11	3872	133761549
9	11	3873	133761550
9	11	3874	133761551
9	11	3875	133761552
9	11	3876	133761553
9	11	3877	133761554
9	11	3878	133761555
9	11	3879	133761556
9	11	3880	133761557
9	11	3881	133761558
9	11	3882	133761559
9	11	3883	133761560
9	11	3884	133761561
9	11	3885	133761562
9	11	3886	133761563
9	11	3887	133761564
9	11	3888	133761565
9	11	3889	133761566
9	11	3890	133761567
9	11	3891	133761568
9	11	3892	133761569
9	11	3893	133761570
9	11	3894	133761571
9	11	3895	133761572
9	11	3896	133761573
9	11	3897	133761574
9	11	3898	133761575
9	11	3899	133761576
9	11	3900	133761577
